FM_TEST_BEGIN 2026-09-26T01:20:21Z tests/fm-polytoken-harness.test.sh family=pure-contract-unit expected_gate_skip=none
ok - Polytoken native ancestry identity; anchored liveness
ok - worker-only lifecycle capabilities; the rewind picker and nothing else is the hazard
ok - separated composer is proven only by a Polytoken identity; drafts stay pending
ok - delivery busy signal is the anchored Running for row only
ok - hook overlay opens and closes turns silently; stale generations and the license gate never read idle or busy
ok - overlay replaces only its own files and refuses project-owned or tracked configuration
ok - model and effort resolve against the listing; unlisted values refuse before launch
ok - a detached daemon anchored at the worktree, or an unreadable listing, refuses another agent
ok - scout launch carries the model variant, typed brief, hidden overlay, and armed hooks; secondmate and bad models refuse
ok - spawn refuses a worktree a live Polytoken daemon is still anchored at
FM_TEST_END 2026-09-26T01:20:37Z tests/fm-polytoken-harness.test.sh exit=0 duration_ms=15590 gate_skip=false
FM_TEST_BEGIN 2026-09-26T01:20:37Z tests/fm-control-relaunch.test.sh family=backend-dispatch expected_gate_skip=none
ok - fm-control relaunch: a same-harness relaunch replaces the agent in the same endpoint and worktree
ok - fm-control relaunch: pending composer text refuses before the exit command is typed
ok - fm-control relaunch: an unreadable composer fails safe before the exit command is typed
ok - fm-control relaunch: a linked spawning home preserves committed and unfinished work in the recorded copy
ok - fm-control relaunch: durable task metadata survives replacement launch publication
ok - fm-control relaunch: delivery and concurrent task metadata publication serialize
ok - fm-control relaunch: disabling tracing clears metadata and pane context
ok - fm-control relaunch: progress and the Firstmate-worktree worker identity reach the replacement
ok - fm-control relaunch: a ship task refuses without the progress note its replacement needs
ok - fm-control relaunch: switching harness is one ordinary relaunch, and the old wiring goes with the old agent
ok - fm-control relaunch: a harness switch resets model and effort unless they are named too
ok - fm-control relaunch: a prefixed recorded harness can switch adapters transactionally
ok - fm-control relaunch: a prefixed command requires an explicit replacement harness
ok - fm-control relaunch: a same-harness relaunch keeps the profile axes it was running with
ok - native Ultra relaunch preserves its profile and rejects an unsupported model before stopping
ok - fm-control relaunch: a signed-out worker account pin refuses before the old agent stops
ok - fm-control relaunch: the replacement follows the home's current worker account pin
ok - fm-control relaunch: explicit model and effort win over the recorded ones
ok - fm-control relaunch: refuses to relaunch onto an adapter with no verified mechanics
ok - fm-control relaunch: the retired incarnation's global turn-end token is revoked
ok - fm-control relaunch: wiring cleanup failure refuses replacement arming
ok - fm-control-lib: one owner resolves each harness's turn-end registry entry, and refuses a malformed token
ok - fm-control relaunch: a secondmate relaunch re-resolves its durable configured harness pin
ok - fm-control relaunch: invalid configured effort is ignored before stop
ok - fm-control relaunch: an adapter unverified for this task kind refuses before the agent is stopped
ok - fm-control relaunch: explicit secondmate harness resets unnamed profile axes
ok - fm-control relaunch: a ship task keeps its recorded harness instead of re-reading crew config
ok - fm-spawn --relaunch: with no explicit harness it reuses the task's recorded one, never the crew default
ok - fm-spawn --relaunch: a promoted scout with a recorded custom branch relaunches on it instead of being refused
ok - fm-promote/fm-spawn --relaunch: the current ship contract supersedes stale scout delivery text
ok - fm-spawn --relaunch: wiring armed under a prefixed harness name is still retired
ok - fm-spawn --relaunch: switching away from muse retires its session binding
ok - fm-spawn --relaunch: switching away from cursor retires its session binding
ok - fm-spawn --relaunch: switching away from polytoken retires only its own overlay
ok - fm-control relaunch: an unaccountable local copy refuses before the agent is touched
ok - fm-control relaunch: a worker with nothing to work from is never launched
ok - fm-control relaunch: a refusal before the agent is stopped leaves the durable record untouched
ok - fm-control relaunch: checkpoint inspection failures refuse before stopping
ok - fm-control relaunch: a launch failure after the stop keeps the prior record and reports the real state
ok - fm-control relaunch: unpublished rollback keeps concurrent durable metadata
ok - fm-control relaunch: post-publication failure keeps the new durable record
ok - fm-control relaunch: partial stop reconciles actual agent state
ok - fm-control relaunch: failed journal replacement preserves durable phase
ok - fm-spawn relaunch: prepublication abort removes replacement state
ok - fm-control relaunch: the checkpoint records the exact unlanded work it preserved
ok - fm-control relaunch: a secondmate's child work is accounted for and its charter is left alone
ok - fm-control relaunch: a secondmate home that is not this secondmate's is refused
ok - fm-control relaunch: unreadable child records fail checkpoint
ok - fm-control relaunch: unlistable state fails checkpoint
ok - fm-control relaunch: a vanished watcher scratch file does not fail the child-record checkpoint
ok - fm-control relaunch: two control actions on one task serialize instead of interleaving
ok - fm-spawn relaunch: direct entry participates in lifecycle serialization
ok - fm-promote: promotion participates in lifecycle serialization
ok - fm-spawn --relaunch: refuses to launch a second agent into a live endpoint
ok - fm-spawn --relaunch: symlinked records refuse before inspection
ok - fm-spawn --relaunch: keeps its early meta lock continuous
ok - fm-spawn --relaunch: pending closes refuse before replacement begins
ok - fm-spawn --relaunch: every identity axis comes from the record, and a contradicting flag refuses
ok - fm-spawn --relaunch: an unrecorded task is refused
ok - fm-spawn --relaunch: refuses to start a replacement outside the copy holding its work
ok - tmux: a window absent from its session refuses both verbs rather than being assumed gone
ok - tmux: an unfindable session refuses both verbs, so a live agent is never duplicated
ok - tmux: a dead server on this socket refuses both verbs rather than proving absence
ok - reclaim: an unclassifiable endpoint is still refused, so two agents cannot share one
ok - reclaim: a herdr pane that outlived its stopped server is adopted, never orphaned beside a new tab
ok - fm-control exit: a herdr pane that outlived its stopped server is already-stopped, not gone
ok - reclaim: a herdr rebind is created in the session the record names, never the ambient one
ok - reclaim: a herdr agent that came back with its server refuses, so one worktree keeps one agent
ok - reclaim: a herdr reclaim rebinds the endpoint and leaves the whole rest of the task alone
ok - reclaim: a herdr secondmate whose endpoint is gone is sent to its own respawn owner
ok - reclaim: a rebind refused from a plain shell reports the real cause, not a fabricated session mismatch
ok - relaunch re-reads the backlog item instead of blindly re-running the transition
ok - relaunch heals an item that drifted out of In flight while the task stayed live
rm: /private/var/folders/9r/q38jyzfj091dx86qv8prs_300000gn/T/fm-control-relaunch.S6Lh37/invalid-effort-30848/home/state/sm6.git-hooks/pre-rebase: Permission denied
rm: /private/var/folders/9r/q38jyzfj091dx86qv8prs_300000gn/T/fm-control-relaunch.S6Lh37/invalid-effort-30848/home/state/sm6.git-hooks/pre-applypatch: Permission denied
rm: /private/var/folders/9r/q38jyzfj091dx86qv8prs_300000gn/T/fm-control-relaunch.S6Lh37/invalid-effort-30848/home/state/sm6.git-hooks/pre-auto-gc: Permission denied
rm: /private/var/folders/9r/q38jyzfj091dx86qv8prs_300000gn/T/fm-control-relaunch.S6Lh37/invalid-effort-30848/home/state/sm6.git-hooks/pre-merge-commit: Permission denied
rm: /private/var/folders/9r/q38jyzfj091dx86qv8prs_300000gn/T/fm-control-relaunch.S6Lh37/invalid-effort-30848/home/state/sm6.git-hooks/post-commit: Permission denied
rm: /private/var/folders/9r/q38jyzfj091dx86qv8prs_300000gn/T/fm-control-relaunch.S6Lh37/invalid-effort-30848/home/state/sm6.git-hooks/sendemail-validate: Permission denied
rm: /private/var/folders/9r/q38jyzfj091dx86qv8prs_300000gn/T/fm-control-relaunch.S6Lh37/invalid-effort-30848/home/state/sm6.git-hooks/applypatch-msg: Permission denied
rm: /private/var/folders/9r/q38jyzfj091dx86qv8prs_300000gn/T/fm-control-relaunch.S6Lh37/invalid-effort-30848/home/state/sm6.git-hooks/prepare-commit-msg: Permission denied
rm: /private/var/folders/9r/q38jyzfj091dx86qv8prs_300000gn/T/fm-control-relaunch.S6Lh37/invalid-effort-30848/home/state/sm6.git-hooks/post-checkout: Permission denied
rm: /private/var/folders/9r/q38jyzfj091dx86qv8prs_300000gn/T/fm-control-relaunch.S6Lh37/invalid-effort-30848/home/state/sm6.git-hooks/post-applypatch: Permission denied
rm: /private/var/folders/9r/q38jyzfj091dx86qv8prs_300000gn/T/fm-control-relaunch.S6Lh37/invalid-effort-30848/home/state/sm6.git-hooks/post-rewrite: Permission denied
rm: /private/var/folders/9r/q38jyzfj091dx86qv8prs_300000gn/T/fm-control-relaunch.S6Lh37/invalid-effort-30848/home/state/sm6.git-hooks/commit-msg: Permission denied
rm: /private/var/folders/9r/q38jyzfj091dx86qv8prs_300000gn/T/fm-control-relaunch.S6Lh37/invalid-effort-30848/home/state/sm6.git-hooks/pre-push: Permission denied
rm: /private/var/folders/9r/q38jyzfj091dx86qv8prs_300000gn/T/fm-control-relaunch.S6Lh37/invalid-effort-30848/home/state/sm6.git-hooks/post-merge: Permission denied
rm: /private/var/folders/9r/q38jyzfj091dx86qv8prs_300000gn/T/fm-control-relaunch.S6Lh37/invalid-effort-30848/home/state/sm6.git-hooks/pre-commit: Permission denied
rm: /private/var/folders/9r/q38jyzfj091dx86qv8prs_300000gn/T/fm-control-relaunch.S6Lh37/invalid-effort-30848/home/state/sm6.git-hooks: Directory not empty
rm: /private/var/folders/9r/q38jyzfj091dx86qv8prs_300000gn/T/fm-control-relaunch.S6Lh37/invalid-effort-30848/home/state: Directory not empty
rm: /private/var/folders/9r/q38jyzfj091dx86qv8prs_300000gn/T/fm-control-relaunch.S6Lh37/invalid-effort-30848/home: Directory not empty
rm: /private/var/folders/9r/q38jyzfj091dx86qv8prs_300000gn/T/fm-control-relaunch.S6Lh37/invalid-effort-30848: Directory not empty
rm: /private/var/folders/9r/q38jyzfj091dx86qv8prs_300000gn/T/fm-control-relaunch.S6Lh37/linked-home-2862/home/state/rl42.git-hooks/pre-rebase: Permission denied
rm: /private/var/folders/9r/q38jyzfj091dx86qv8prs_300000gn/T/fm-control-relaunch.S6Lh37/linked-home-2862/home/state/rl42.git-hooks/pre-applypatch: Permission denied
rm: /private/var/folders/9r/q38jyzfj091dx86qv8prs_300000gn/T/fm-control-relaunch.S6Lh37/linked-home-2862/home/state/rl42.git-hooks/pre-auto-gc: Permission denied
rm: /private/var/folders/9r/q38jyzfj091dx86qv8prs_300000gn/T/fm-control-relaunch.S6Lh37/linked-home-2862/home/state/rl42.git-hooks/pre-merge-commit: Permission denied
rm: /private/var/folders/9r/q38jyzfj091dx86qv8prs_300000gn/T/fm-control-relaunch.S6Lh37/linked-home-2862/home/state/rl42.git-hooks/post-commit: Permission denied
rm: /private/var/folders/9r/q38jyzfj091dx86qv8prs_300000gn/T/fm-control-relaunch.S6Lh37/linked-home-2862/home/state/rl42.git-hooks/sendemail-validate: Permission denied
rm: /private/var/folders/9r/q38jyzfj091dx86qv8prs_300000gn/T/fm-control-relaunch.S6Lh37/linked-home-2862/home/state/rl42.git-hooks/applypatch-msg: Permission denied
rm: /private/var/folders/9r/q38jyzfj091dx86qv8prs_300000gn/T/fm-control-relaunch.S6Lh37/linked-home-2862/home/state/rl42.git-hooks/prepare-commit-msg: Permission denied
rm: /private/var/folders/9r/q38jyzfj091dx86qv8prs_300000gn/T/fm-control-relaunch.S6Lh37/linked-home-2862/home/state/rl42.git-hooks/post-checkout: Permission denied
rm: /private/var/folders/9r/q38jyzfj091dx86qv8prs_300000gn/T/fm-control-relaunch.S6Lh37/linked-home-2862/home/state/rl42.git-hooks/post-applypatch: Permission denied
rm: /private/var/folders/9r/q38jyzfj091dx86qv8prs_300000gn/T/fm-control-relaunch.S6Lh37/linked-home-2862/home/state/rl42.git-hooks/post-rewrite: Permission denied
rm: /private/var/folders/9r/q38jyzfj091dx86qv8prs_300000gn/T/fm-control-relaunch.S6Lh37/linked-home-2862/home/state/rl42.git-hooks/commit-msg: Permission denied
rm: /private/var/folders/9r/q38jyzfj091dx86qv8prs_300000gn/T/fm-control-relaunch.S6Lh37/linked-home-2862/home/state/rl42.git-hooks/pre-push: Permission denied
rm: /private/var/folders/9r/q38jyzfj091dx86qv8prs_300000gn/T/fm-control-relaunch.S6Lh37/linked-home-2862/home/state/rl42.git-hooks/post-merge: Permission denied
rm: /private/var/folders/9r/q38jyzfj091dx86qv8prs_300000gn/T/fm-control-relaunch.S6Lh37/linked-home-2862/home/state/rl42.git-hooks/pre-commit: Permission denied
rm: /private/var/folders/9r/q38jyzfj091dx86qv8prs_300000gn/T/fm-control-relaunch.S6Lh37/linked-home-2862/home/state/rl42.git-hooks: Directory not empty
rm: /private/var/folders/9r/q38jyzfj091dx86qv8prs_300000gn/T/fm-control-relaunch.S6Lh37/linked-home-2862/home/state: Directory not empty
rm: /private/var/folders/9r/q38jyzfj091dx86qv8prs_300000gn/T/fm-control-relaunch.S6Lh37/linked-home-2862/home: Directory not empty
rm: /private/var/folders/9r/q38jyzfj091dx86qv8prs_300000gn/T/fm-control-relaunch.S6Lh37/linked-home-2862: Directory not empty
rm: /private/var/folders/9r/q38jyzfj091dx86qv8prs_300000gn/T/fm-control-relaunch.S6Lh37/prepublishcleanup-17031/home/state/rl28.git-hooks/pre-rebase: Permission denied
rm: /private/var/folders/9r/q38jyzfj091dx86qv8prs_300000gn/T/fm-control-relaunch.S6Lh37/prepublishcleanup-17031/home/state/rl28.git-hooks/pre-applypatch: Permission denied
rm: /private/var/folders/9r/q38jyzfj091dx86qv8prs_300000gn/T/fm-control-relaunch.S6Lh37/prepublishcleanup-17031/home/state/rl28.git-hooks/pre-auto-gc: Permission denied
rm: /private/var/folders/9r/q38jyzfj091dx86qv8prs_300000gn/T/fm-control-relaunch.S6Lh37/prepublishcleanup-17031/home/state/rl28.git-hooks/pre-merge-commit: Permission denied
rm: /private/var/folders/9r/q38jyzfj091dx86qv8prs_300000gn/T/fm-control-relaunch.S6Lh37/prepublishcleanup-17031/home/state/rl28.git-hooks/post-commit: Permission denied
rm: /private/var/folders/9r/q38jyzfj091dx86qv8prs_300000gn/T/fm-control-relaunch.S6Lh37/prepublishcleanup-17031/home/state/rl28.git-hooks/sendemail-validate: Permission denied
rm: /private/var/folders/9r/q38jyzfj091dx86qv8prs_300000gn/T/fm-control-relaunch.S6Lh37/prepublishcleanup-17031/home/state/rl28.git-hooks/applypatch-msg: Permission denied
rm: /private/var/folders/9r/q38jyzfj091dx86qv8prs_300000gn/T/fm-control-relaunch.S6Lh37/prepublishcleanup-17031/home/state/rl28.git-hooks/prepare-commit-msg: Permission denied
rm: /private/var/folders/9r/q38jyzfj091dx86qv8prs_300000gn/T/fm-control-relaunch.S6Lh37/prepublishcleanup-17031/home/state/rl28.git-hooks/post-checkout: Permission denied
rm: /private/var/folders/9r/q38jyzfj091dx86qv8prs_300000gn/T/fm-control-relaunch.S6Lh37/prepublishcleanup-17031/home/state/rl28.git-hooks/post-applypatch: Permission denied
rm: /private/var/folders/9r/q38jyzfj091dx86qv8prs_300000gn/T/fm-control-relaunch.S6Lh37/prepublishcleanup-17031/home/state/rl28.git-hooks/post-rewrite: Permission denied
rm: /private/var/folders/9r/q38jyzfj091dx86qv8prs_300000gn/T/fm-control-relaunch.S6Lh37/prepublishcleanup-17031/home/state/rl28.git-hooks/commit-msg: Permission denied
rm: /private/var/folders/9r/q38jyzfj091dx86qv8prs_300000gn/T/fm-control-relaunch.S6Lh37/prepublishcleanup-17031/home/state/rl28.git-hooks/pre-push: Permission denied
rm: /private/var/folders/9r/q38jyzfj091dx86qv8prs_300000gn/T/fm-control-relaunch.S6Lh37/prepublishcleanup-17031/home/state/rl28.git-hooks/post-merge: Permission denied
rm: /private/var/folders/9r/q38jyzfj091dx86qv8prs_300000gn/T/fm-control-relaunch.S6Lh37/prepublishcleanup-17031/home/state/rl28.git-hooks/pre-commit: Permission denied
rm: /private/var/folders/9r/q38jyzfj091dx86qv8prs_300000gn/T/fm-control-relaunch.S6Lh37/prepublishcleanup-17031/home/state/rl28.git-hooks: Directory not empty
rm: /private/var/folders/9r/q38jyzfj091dx86qv8prs_300000gn/T/fm-control-relaunch.S6Lh37/prepublishcleanup-17031/home/state: Directory not empty
rm: /private/var/folders/9r/q38jyzfj091dx86qv8prs_300000gn/T/fm-control-relaunch.S6Lh37/prepublishcleanup-17031/home: Directory not empty
rm: /private/var/folders/9r/q38jyzfj091dx86qv8prs_300000gn/T/fm-control-relaunch.S6Lh37/prepublishcleanup-17031: Directory not empty
rm: /private/var/folders/9r/q38jyzfj091dx86qv8prs_300000gn/T/fm-control-relaunch.S6Lh37/crewcfg-16953/home/state/rl20.git-hooks/pre-rebase: Permission denied
rm: /private/var/folders/9r/q38jyzfj091dx86qv8prs_300000gn/T/fm-control-relaunch.S6Lh37/crewcfg-16953/home/state/rl20.git-hooks/pre-applypatch: Permission denied
rm: /private/var/folders/9r/q38jyzfj091dx86qv8prs_300000gn/T/fm-control-relaunch.S6Lh37/crewcfg-16953/home/state/rl20.git-hooks/pre-auto-gc: Permission denied
rm: /private/var/folders/9r/q38jyzfj091dx86qv8prs_300000gn/T/fm-control-relaunch.S6Lh37/crewcfg-16953/home/state/rl20.git-hooks/pre-merge-commit: Permission denied
rm: /private/var/folders/9r/q38jyzfj091dx86qv8prs_300000gn/T/fm-control-relaunch.S6Lh37/crewcfg-16953/home/state/rl20.git-hooks/post-commit: Permission denied
rm: /private/var/folders/9r/q38jyzfj091dx86qv8prs_300000gn/T/fm-control-relaunch.S6Lh37/crewcfg-16953/home/state/rl20.git-hooks/sendemail-validate: Permission denied
rm: /private/var/folders/9r/q38jyzfj091dx86qv8prs_300000gn/T/fm-control-relaunch.S6Lh37/crewcfg-16953/home/state/rl20.git-hooks/applypatch-msg: Permission denied
rm: /private/var/folders/9r/q38jyzfj091dx86qv8prs_300000gn/T/fm-control-relaunch.S6Lh37/crewcfg-16953/home/state/rl20.git-hooks/prepare-commit-msg: Permission denied
rm: /private/var/folders/9r/q38jyzfj091dx86qv8prs_300000gn/T/fm-control-relaunch.S6Lh37/crewcfg-16953/home/state/rl20.git-hooks/post-checkout: Permission denied
rm: /private/var/folders/9r/q38jyzfj091dx86qv8prs_300000gn/T/fm-control-relaunch.S6Lh37/crewcfg-16953/home/state/rl20.git-hooks/post-applypatch: Permission denied
rm: /private/var/folders/9r/q38jyzfj091dx86qv8prs_300000gn/T/fm-control-relaunch.S6Lh37/crewcfg-16953/home/state/rl20.git-hooks/post-rewrite: Permission denied
rm: /private/var/folders/9r/q38jyzfj091dx86qv8prs_300000gn/T/fm-control-relaunch.S6Lh37/crewcfg-16953/home/state/rl20.git-hooks/commit-msg: Permission denied
rm: /private/var/folders/9r/q38jyzfj091dx86qv8prs_300000gn/T/fm-control-relaunch.S6Lh37/crewcfg-16953/home/state/rl20.git-hooks/pre-push: Permission denied
rm: /private/var/folders/9r/q38jyzfj091dx86qv8prs_300000gn/T/fm-control-relaunch.S6Lh37/crewcfg-16953/home/state/rl20.git-hooks/post-merge: Permission denied
rm: /private/var/folders/9r/q38jyzfj091dx86qv8prs_300000gn/T/fm-control-relaunch.S6Lh37/crewcfg-16953/home/state/rl20.git-hooks/pre-commit: Permission denied
rm: /private/var/folders/9r/q38jyzfj091dx86qv8prs_300000gn/T/fm-control-relaunch.S6Lh37/crewcfg-16953/home/state/rl20.git-hooks: Directory not empty
rm: /private/var/folders/9r/q38jyzfj091dx86qv8prs_300000gn/T/fm-control-relaunch.S6Lh37/crewcfg-16953/home/state: Directory not empty
rm: /private/var/folders/9r/q38jyzfj091dx86qv8prs_300000gn/T/fm-control-relaunch.S6Lh37/crewcfg-16953/home: Directory not empty
rm: /private/var/folders/9r/q38jyzfj091dx86qv8prs_300000gn/T/fm-control-relaunch.S6Lh37/crewcfg-16953: Directory not empty
rm: /private/var/folders/9r/q38jyzfj091dx86qv8prs_300000gn/T/fm-control-relaunch.S6Lh37/native-ultra-21987/home/state/rl-ultra.git-hooks/pre-rebase: Permission denied
rm: /private/var/folders/9r/q38jyzfj091dx86qv8prs_300000gn/T/fm-control-relaunch.S6Lh37/native-ultra-21987/home/state/rl-ultra.git-hooks/pre-applypatch: Permission denied
rm: /private/var/folders/9r/q38jyzfj091dx86qv8prs_300000gn/T/fm-control-relaunch.S6Lh37/native-ultra-21987/home/state/rl-ultra.git-hooks/pre-auto-gc: Permission denied
rm: /private/var/folders/9r/q38jyzfj091dx86qv8prs_300000gn/T/fm-control-relaunch.S6Lh37/native-ultra-21987/home/state/rl-ultra.git-hooks/pre-merge-commit: Permission denied
rm: /private/var/folders/9r/q38jyzfj091dx86qv8prs_300000gn/T/fm-control-relaunch.S6Lh37/native-ultra-21987/home/state/rl-ultra.git-hooks/post-commit: Permission denied
rm: /private/var/folders/9r/q38jyzfj091dx86qv8prs_300000gn/T/fm-control-relaunch.S6Lh37/native-ultra-21987/home/state/rl-ultra.git-hooks/sendemail-validate: Permission denied
rm: /private/var/folders/9r/q38jyzfj091dx86qv8prs_300000gn/T/fm-control-relaunch.S6Lh37/native-ultra-21987/home/state/rl-ultra.git-hooks/applypatch-msg: Permission denied
rm: /private/var/folders/9r/q38jyzfj091dx86qv8prs_300000gn/T/fm-control-relaunch.S6Lh37/native-ultra-21987/home/state/rl-ultra.git-hooks/prepare-commit-msg: Permission denied
rm: /private/var/folders/9r/q38jyzfj091dx86qv8prs_300000gn/T/fm-control-relaunch.S6Lh37/native-ultra-21987/home/state/rl-ultra.git-hooks/post-checkout: Permission denied
rm: /private/var/folders/9r/q38jyzfj091dx86qv8prs_300000gn/T/fm-control-relaunch.S6Lh37/native-ultra-21987/home/state/rl-ultra.git-hooks/post-applypatch: Permission denied
rm: /private/var/folders/9r/q38jyzfj091dx86qv8prs_300000gn/T/fm-control-relaunch.S6Lh37/native-ultra-21987/home/state/rl-ultra.git-hooks/post-rewrite: Permission denied
rm: /private/var/folders/9r/q38jyzfj091dx86qv8prs_300000gn/T/fm-control-relaunch.S6Lh37/native-ultra-21987/home/state/rl-ultra.git-hooks/commit-msg: Permission denied
rm: /private/var/folders/9r/q38jyzfj091dx86qv8prs_300000gn/T/fm-control-relaunch.S6Lh37/native-ultra-21987/home/state/rl-ultra.git-hooks/pre-push: Permission denied
rm: /private/var/folders/9r/q38jyzfj091dx86qv8prs_300000gn/T/fm-control-relaunch.S6Lh37/native-ultra-21987/home/state/rl-ultra.git-hooks/post-merge: Permission denied
rm: /private/var/folders/9r/q38jyzfj091dx86qv8prs_300000gn/T/fm-control-relaunch.S6Lh37/native-ultra-21987/home/state/rl-ultra.git-hooks/pre-commit: Permission denied
rm: /private/var/folders/9r/q38jyzfj091dx86qv8prs_300000gn/T/fm-control-relaunch.S6Lh37/native-ultra-21987/home/state/rl-ultra.git-hooks: Directory not empty
rm: /private/var/folders/9r/q38jyzfj091dx86qv8prs_300000gn/T/fm-control-relaunch.S6Lh37/native-ultra-21987/home/state: Directory not empty
rm: /private/var/folders/9r/q38jyzfj091dx86qv8prs_300000gn/T/fm-control-relaunch.S6Lh37/native-ultra-21987/home: Directory not empty
rm: /private/var/folders/9r/q38jyzfj091dx86qv8prs_300000gn/T/fm-control-relaunch.S6Lh37/native-ultra-21987: Directory not empty
rm: /private/var/folders/9r/q38jyzfj091dx86qv8prs_300000gn/T/fm-control-relaunch.S6Lh37/cursorwiring-16394/home/state/rl35.git-hooks/pre-rebase: Permission denied
rm: /private/var/folders/9r/q38jyzfj091dx86qv8prs_300000gn/T/fm-control-relaunch.S6Lh37/cursorwiring-16394/home/state/rl35.git-hooks/pre-applypatch: Permission denied
rm: /private/var/folders/9r/q38jyzfj091dx86qv8prs_300000gn/T/fm-control-relaunch.S6Lh37/cursorwiring-16394/home/state/rl35.git-hooks/pre-auto-gc: Permission denied
rm: /private/var/folders/9r/q38jyzfj091dx86qv8prs_300000gn/T/fm-control-relaunch.S6Lh37/cursorwiring-16394/home/state/rl35.git-hooks/pre-merge-commit: Permission denied
rm: /private/var/folders/9r/q38jyzfj091dx86qv8prs_300000gn/T/fm-control-relaunch.S6Lh37/cursorwiring-16394/home/state/rl35.git-hooks/post-commit: Permission denied
rm: /private/var/folders/9r/q38jyzfj091dx86qv8prs_300000gn/T/fm-control-relaunch.S6Lh37/cursorwiring-16394/home/state/rl35.git-hooks/sendemail-validate: Permission denied
rm: /private/var/folders/9r/q38jyzfj091dx86qv8prs_300000gn/T/fm-control-relaunch.S6Lh37/cursorwiring-16394/home/state/rl35.git-hooks/applypatch-msg: Permission denied
rm: /private/var/folders/9r/q38jyzfj091dx86qv8prs_300000gn/T/fm-control-relaunch.S6Lh37/cursorwiring-16394/home/state/rl35.git-hooks/prepare-commit-msg: Permission denied
rm: /private/var/folders/9r/q38jyzfj091dx86qv8prs_300000gn/T/fm-control-relaunch.S6Lh37/cursorwiring-16394/home/state/rl35.git-hooks/post-checkout: Permission denied
rm: /private/var/folders/9r/q38jyzfj091dx86qv8prs_300000gn/T/fm-control-relaunch.S6Lh37/cursorwiring-16394/home/state/rl35.git-hooks/post-applypatch: Permission denied
rm: /private/var/folders/9r/q38jyzfj091dx86qv8prs_300000gn/T/fm-control-relaunch.S6Lh37/cursorwiring-16394/home/state/rl35.git-hooks/post-rewrite: Permission denied
rm: /private/var/folders/9r/q38jyzfj091dx86qv8prs_300000gn/T/fm-control-relaunch.S6Lh37/cursorwiring-16394/home/state/rl35.git-hooks/commit-msg: Permission denied
rm: /private/var/folders/9r/q38jyzfj091dx86qv8prs_300000gn/T/fm-control-relaunch.S6Lh37/cursorwiring-16394/home/state/rl35.git-hooks/pre-push: Permission denied
rm: /private/var/folders/9r/q38jyzfj091dx86qv8prs_300000gn/T/fm-control-relaunch.S6Lh37/cursorwiring-16394/home/state/rl35.git-hooks/post-merge: Permission denied
rm: /private/var/folders/9r/q38jyzfj091dx86qv8prs_300000gn/T/fm-control-relaunch.S6Lh37/cursorwiring-16394/home/state/rl35.git-hooks/pre-commit: Permission denied
rm: /private/var/folders/9r/q38jyzfj091dx86qv8prs_300000gn/T/fm-control-relaunch.S6Lh37/cursorwiring-16394/home/state/rl35.git-hooks: Directory not empty
rm: /private/var/folders/9r/q38jyzfj091dx86qv8prs_300000gn/T/fm-control-relaunch.S6Lh37/cursorwiring-16394/home/state: Directory not empty
rm: /private/var/folders/9r/q38jyzfj091dx86qv8prs_300000gn/T/fm-control-relaunch.S6Lh37/cursorwiring-16394/home: Directory not empty
rm: /private/var/folders/9r/q38jyzfj091dx86qv8prs_300000gn/T/fm-control-relaunch.S6Lh37/cursorwiring-16394: Directory not empty
rm: /private/var/folders/9r/q38jyzfj091dx86qv8prs_300000gn/T/fm-control-relaunch.S6Lh37/published-19479/home/state/rl24.git-hooks/pre-rebase: Permission denied
rm: /private/var/folders/9r/q38jyzfj091dx86qv8prs_300000gn/T/fm-control-relaunch.S6Lh37/published-19479/home/state/rl24.git-hooks/pre-applypatch: Permission denied
rm: /private/var/folders/9r/q38jyzfj091dx86qv8prs_300000gn/T/fm-control-relaunch.S6Lh37/published-19479/home/state/rl24.git-hooks/pre-auto-gc: Permission denied
rm: /private/var/folders/9r/q38jyzfj091dx86qv8prs_300000gn/T/fm-control-relaunch.S6Lh37/published-19479/home/state/rl24.git-hooks/pre-merge-commit: Permission denied
rm: /private/var/folders/9r/q38jyzfj091dx86qv8prs_300000gn/T/fm-control-relaunch.S6Lh37/published-19479/home/state/rl24.git-hooks/post-commit: Permission denied
rm: /private/var/folders/9r/q38jyzfj091dx86qv8prs_300000gn/T/fm-control-relaunch.S6Lh37/published-19479/home/state/rl24.git-hooks/sendemail-validate: Permission denied
rm: /private/var/folders/9r/q38jyzfj091dx86qv8prs_300000gn/T/fm-control-relaunch.S6Lh37/published-19479/home/state/rl24.git-hooks/applypatch-msg: Permission denied
rm: /private/var/folders/9r/q38jyzfj091dx86qv8prs_300000gn/T/fm-control-relaunch.S6Lh37/published-19479/home/state/rl24.git-hooks/prepare-commit-msg: Permission denied
rm: /private/var/folders/9r/q38jyzfj091dx86qv8prs_300000gn/T/fm-control-relaunch.S6Lh37/published-19479/home/state/rl24.git-hooks/post-checkout: Permission denied
rm: /private/var/folders/9r/q38jyzfj091dx86qv8prs_300000gn/T/fm-control-relaunch.S6Lh37/published-19479/home/state/rl24.git-hooks/post-applypatch: Permission denied
rm: /private/var/folders/9r/q38jyzfj091dx86qv8prs_300000gn/T/fm-control-relaunch.S6Lh37/published-19479/home/state/rl24.git-hooks/post-rewrite: Permission denied
rm: /private/var/folders/9r/q38jyzfj091dx86qv8prs_300000gn/T/fm-control-relaunch.S6Lh37/published-19479/home/state/rl24.git-hooks/commit-msg: Permission denied
rm: /private/var/folders/9r/q38jyzfj091dx86qv8prs_300000gn/T/fm-control-relaunch.S6Lh37/published-19479/home/state/rl24.git-hooks/pre-push: Permission denied
rm: /private/var/folders/9r/q38jyzfj091dx86qv8prs_300000gn/T/fm-control-relaunch.S6Lh37/published-19479/home/state/rl24.git-hooks/post-merge: Permission denied
rm: /private/var/folders/9r/q38jyzfj091dx86qv8prs_300000gn/T/fm-control-relaunch.S6Lh37/published-19479/home/state/rl24.git-hooks/pre-commit: Permission denied
rm: /private/var/folders/9r/q38jyzfj091dx86qv8prs_300000gn/T/fm-control-relaunch.S6Lh37/published-19479/home/state/rl24.git-hooks: Directory not empty
rm: /private/var/folders/9r/q38jyzfj091dx86qv8prs_300000gn/T/fm-control-relaunch.S6Lh37/published-19479/home/state: Directory not empty
rm: /private/var/folders/9r/q38jyzfj091dx86qv8prs_300000gn/T/fm-control-relaunch.S6Lh37/published-19479/home: Directory not empty
rm: /private/var/folders/9r/q38jyzfj091dx86qv8prs_300000gn/T/fm-control-relaunch.S6Lh37/published-19479: Directory not empty
rm: /private/var/folders/9r/q38jyzfj091dx86qv8prs_300000gn/T/fm-control-relaunch.S6Lh37/trace-off-24800/home/state/rl33.git-hooks/pre-rebase: Permission denied
rm: /private/var/folders/9r/q38jyzfj091dx86qv8prs_300000gn/T/fm-control-relaunch.S6Lh37/trace-off-24800/home/state/rl33.git-hooks/pre-applypatch: Permission denied
rm: /private/var/folders/9r/q38jyzfj091dx86qv8prs_300000gn/T/fm-control-relaunch.S6Lh37/trace-off-24800/home/state/rl33.git-hooks/pre-auto-gc: Permission denied
rm: /private/var/folders/9r/q38jyzfj091dx86qv8prs_300000gn/T/fm-control-relaunch.S6Lh37/trace-off-24800/home/state/rl33.git-hooks/pre-merge-commit: Permission denied
rm: /private/var/folders/9r/q38jyzfj091dx86qv8prs_300000gn/T/fm-control-relaunch.S6Lh37/trace-off-24800/home/state/rl33.git-hooks/post-commit: Permission denied
rm: /private/var/folders/9r/q38jyzfj091dx86qv8prs_300000gn/T/fm-control-relaunch.S6Lh37/trace-off-24800/home/state/rl33.git-hooks/sendemail-validate: Permission denied
rm: /private/var/folders/9r/q38jyzfj091dx86qv8prs_300000gn/T/fm-control-relaunch.S6Lh37/trace-off-24800/home/state/rl33.git-hooks/applypatch-msg: Permission denied
rm: /private/var/folders/9r/q38jyzfj091dx86qv8prs_300000gn/T/fm-control-relaunch.S6Lh37/trace-off-24800/home/state/rl33.git-hooks/prepare-commit-msg: Permission denied
rm: /private/var/folders/9r/q38jyzfj091dx86qv8prs_300000gn/T/fm-control-relaunch.S6Lh37/trace-off-24800/home/state/rl33.git-hooks/post-checkout: Permission denied
rm: /private/var/folders/9r/q38jyzfj091dx86qv8prs_300000gn/T/fm-control-relaunch.S6Lh37/trace-off-24800/home/state/rl33.git-hooks/post-applypatch: Permission denied
rm: /private/var/folders/9r/q38jyzfj091dx86qv8prs_300000gn/T/fm-control-relaunch.S6Lh37/trace-off-24800/home/state/rl33.git-hooks/post-rewrite: Permission denied
rm: /private/var/folders/9r/q38jyzfj091dx86qv8prs_300000gn/T/fm-control-relaunch.S6Lh37/trace-off-24800/home/state/rl33.git-hooks/commit-msg: Permission denied
rm: /private/var/folders/9r/q38jyzfj091dx86qv8prs_300000gn/T/fm-control-relaunch.S6Lh37/trace-off-24800/home/state/rl33.git-hooks/pre-push: Permission denied
rm: /private/var/folders/9r/q38jyzfj091dx86qv8prs_300000gn/T/fm-control-relaunch.S6Lh37/trace-off-24800/home/state/rl33.git-hooks/post-merge: Permission denied
rm: /private/var/folders/9r/q38jyzfj091dx86qv8prs_300000gn/T/fm-control-relaunch.S6Lh37/trace-off-24800/home/state/rl33.git-hooks/pre-commit: Permission denied
rm: /private/var/folders/9r/q38jyzfj091dx86qv8prs_300000gn/T/fm-control-relaunch.S6Lh37/trace-off-24800/home/state/rl33.git-hooks: Directory not empty
rm: /private/var/folders/9r/q38jyzfj091dx86qv8prs_300000gn/T/fm-control-relaunch.S6Lh37/trace-off-24800/home/state: Directory not empty
rm: /private/var/folders/9r/q38jyzfj091dx86qv8prs_300000gn/T/fm-control-relaunch.S6Lh37/trace-off-24800/home: Directory not empty
rm: /private/var/folders/9r/q38jyzfj091dx86qv8prs_300000gn/T/fm-control-relaunch.S6Lh37/trace-off-24800: Directory not empty
rm: /private/var/folders/9r/q38jyzfj091dx86qv8prs_300000gn/T/fm-control-relaunch.S6Lh37/musewiring-19073/home/state/rl31.git-hooks/pre-rebase: Permission denied
rm: /private/var/folders/9r/q38jyzfj091dx86qv8prs_300000gn/T/fm-control-relaunch.S6Lh37/musewiring-19073/home/state/rl31.git-hooks/pre-applypatch: Permission denied
rm: /private/var/folders/9r/q38jyzfj091dx86qv8prs_300000gn/T/fm-control-relaunch.S6Lh37/musewiring-19073/home/state/rl31.git-hooks/pre-auto-gc: Permission denied
rm: /private/var/folders/9r/q38jyzfj091dx86qv8prs_300000gn/T/fm-control-relaunch.S6Lh37/musewiring-19073/home/state/rl31.git-hooks/pre-merge-commit: Permission denied
rm: /private/var/folders/9r/q38jyzfj091dx86qv8prs_300000gn/T/fm-control-relaunch.S6Lh37/musewiring-19073/home/state/rl31.git-hooks/post-commit: Permission denied
rm: /private/var/folders/9r/q38jyzfj091dx86qv8prs_300000gn/T/fm-control-relaunch.S6Lh37/musewiring-19073/home/state/rl31.git-hooks/sendemail-validate: Permission denied
rm: /private/var/folders/9r/q38jyzfj091dx86qv8prs_300000gn/T/fm-control-relaunch.S6Lh37/musewiring-19073/home/state/rl31.git-hooks/applypatch-msg: Permission denied
rm: /private/var/folders/9r/q38jyzfj091dx86qv8prs_300000gn/T/fm-control-relaunch.S6Lh37/musewiring-19073/home/state/rl31.git-hooks/prepare-commit-msg: Permission denied
rm: /private/var/folders/9r/q38jyzfj091dx86qv8prs_300000gn/T/fm-control-relaunch.S6Lh37/musewiring-19073/home/state/rl31.git-hooks/post-checkout: Permission denied
rm: /private/var/folders/9r/q38jyzfj091dx86qv8prs_300000gn/T/fm-control-relaunch.S6Lh37/musewiring-19073/home/state/rl31.git-hooks/post-applypatch: Permission denied
rm: /private/var/folders/9r/q38jyzfj091dx86qv8prs_300000gn/T/fm-control-relaunch.S6Lh37/musewiring-19073/home/state/rl31.git-hooks/post-rewrite: Permission denied
rm: /private/var/folders/9r/q38jyzfj091dx86qv8prs_300000gn/T/fm-control-relaunch.S6Lh37/musewiring-19073/home/state/rl31.git-hooks/commit-msg: Permission denied
rm: /private/var/folders/9r/q38jyzfj091dx86qv8prs_300000gn/T/fm-control-relaunch.S6Lh37/musewiring-19073/home/state/rl31.git-hooks/pre-push: Permission denied
rm: /private/var/folders/9r/q38jyzfj091dx86qv8prs_300000gn/T/fm-control-relaunch.S6Lh37/musewiring-19073/home/state/rl31.git-hooks/post-merge: Permission denied
rm: /private/var/folders/9r/q38jyzfj091dx86qv8prs_300000gn/T/fm-control-relaunch.S6Lh37/musewiring-19073/home/state/rl31.git-hooks/pre-commit: Permission denied
rm: /private/var/folders/9r/q38jyzfj091dx86qv8prs_300000gn/T/fm-control-relaunch.S6Lh37/musewiring-19073/home/state/rl31.git-hooks: Directory not empty
rm: /private/var/folders/9r/q38jyzfj091dx86qv8prs_300000gn/T/fm-control-relaunch.S6Lh37/musewiring-19073/home/state: Directory not empty
rm: /private/var/folders/9r/q38jyzfj091dx86qv8prs_300000gn/T/fm-control-relaunch.S6Lh37/musewiring-19073/home: Directory not empty
rm: /private/var/folders/9r/q38jyzfj091dx86qv8prs_300000gn/T/fm-control-relaunch.S6Lh37/musewiring-19073: Directory not empty
rm: /private/var/folders/9r/q38jyzfj091dx86qv8prs_300000gn/T/fm-control-relaunch.S6Lh37/promoted-scout-direct-PR-700/home/state/rl-promoted-direct-PR.git-hooks/pre-rebase: Permission denied
rm: /private/var/folders/9r/q38jyzfj091dx86qv8prs_300000gn/T/fm-control-relaunch.S6Lh37/promoted-scout-direct-PR-700/home/state/rl-promoted-direct-PR.git-hooks/pre-applypatch: Permission denied
rm: /private/var/folders/9r/q38jyzfj091dx86qv8prs_300000gn/T/fm-control-relaunch.S6Lh37/promoted-scout-direct-PR-700/home/state/rl-promoted-direct-PR.git-hooks/pre-auto-gc: Permission denied
rm: /private/var/folders/9r/q38jyzfj091dx86qv8prs_300000gn/T/fm-control-relaunch.S6Lh37/promoted-scout-direct-PR-700/home/state/rl-promoted-direct-PR.git-hooks/pre-merge-commit: Permission denied
rm: /private/var/folders/9r/q38jyzfj091dx86qv8prs_300000gn/T/fm-control-relaunch.S6Lh37/promoted-scout-direct-PR-700/home/state/rl-promoted-direct-PR.git-hooks/post-commit: Permission denied
rm: /private/var/folders/9r/q38jyzfj091dx86qv8prs_300000gn/T/fm-control-relaunch.S6Lh37/promoted-scout-direct-PR-700/home/state/rl-promoted-direct-PR.git-hooks/sendemail-validate: Permission denied
rm: /private/var/folders/9r/q38jyzfj091dx86qv8prs_300000gn/T/fm-control-relaunch.S6Lh37/promoted-scout-direct-PR-700/home/state/rl-promoted-direct-PR.git-hooks/applypatch-msg: Permission denied
rm: /private/var/folders/9r/q38jyzfj091dx86qv8prs_300000gn/T/fm-control-relaunch.S6Lh37/promoted-scout-direct-PR-700/home/state/rl-promoted-direct-PR.git-hooks/prepare-commit-msg: Permission denied
rm: /private/var/folders/9r/q38jyzfj091dx86qv8prs_300000gn/T/fm-control-relaunch.S6Lh37/promoted-scout-direct-PR-700/home/state/rl-promoted-direct-PR.git-hooks/post-checkout: Permission denied
rm: /private/var/folders/9r/q38jyzfj091dx86qv8prs_300000gn/T/fm-control-relaunch.S6Lh37/promoted-scout-direct-PR-700/home/state/rl-promoted-direct-PR.git-hooks/post-applypatch: Permission denied
rm: /private/var/folders/9r/q38jyzfj091dx86qv8prs_300000gn/T/fm-control-relaunch.S6Lh37/promoted-scout-direct-PR-700/home/state/rl-promoted-direct-PR.git-hooks/post-rewrite: Permission denied
rm: /private/var/folders/9r/q38jyzfj091dx86qv8prs_300000gn/T/fm-control-relaunch.S6Lh37/promoted-scout-direct-PR-700/home/state/rl-promoted-direct-PR.git-hooks/commit-msg: Permission denied
rm: /private/var/folders/9r/q38jyzfj091dx86qv8prs_300000gn/T/fm-control-relaunch.S6Lh37/promoted-scout-direct-PR-700/home/state/rl-promoted-direct-PR.git-hooks/pre-push: Permission denied
rm: /private/var/folders/9r/q38jyzfj091dx86qv8prs_300000gn/T/fm-control-relaunch.S6Lh37/promoted-scout-direct-PR-700/home/state/rl-promoted-direct-PR.git-hooks/post-merge: Permission denied
rm: /private/var/folders/9r/q38jyzfj091dx86qv8prs_300000gn/T/fm-control-relaunch.S6Lh37/promoted-scout-direct-PR-700/home/state/rl-promoted-direct-PR.git-hooks/pre-commit: Permission denied
rm: /private/var/folders/9r/q38jyzfj091dx86qv8prs_300000gn/T/fm-control-relaunch.S6Lh37/promoted-scout-direct-PR-700/home/state/rl-promoted-direct-PR.git-hooks: Directory not empty
rm: /private/var/folders/9r/q38jyzfj091dx86qv8prs_300000gn/T/fm-control-relaunch.S6Lh37/promoted-scout-direct-PR-700/home/state: Directory not empty
rm: /private/var/folders/9r/q38jyzfj091dx86qv8prs_300000gn/T/fm-control-relaunch.S6Lh37/promoted-scout-direct-PR-700/home: Directory not empty
rm: /private/var/folders/9r/q38jyzfj091dx86qv8prs_300000gn/T/fm-control-relaunch.S6Lh37/promoted-scout-direct-PR-700: Directory not empty
rm: /private/var/folders/9r/q38jyzfj091dx86qv8prs_300000gn/T/fm-control-relaunch.S6Lh37/completejournal-3063/home/state/rl27.git-hooks/pre-rebase: Permission denied
rm: /private/var/folders/9r/q38jyzfj091dx86qv8prs_300000gn/T/fm-control-relaunch.S6Lh37/completejournal-3063/home/state/rl27.git-hooks/pre-applypatch: Permission denied
rm: /private/var/folders/9r/q38jyzfj091dx86qv8prs_300000gn/T/fm-control-relaunch.S6Lh37/completejournal-3063/home/state/rl27.git-hooks/pre-auto-gc: Permission denied
rm: /private/var/folders/9r/q38jyzfj091dx86qv8prs_300000gn/T/fm-control-relaunch.S6Lh37/completejournal-3063/home/state/rl27.git-hooks/pre-merge-commit: Permission denied
rm: /private/var/folders/9r/q38jyzfj091dx86qv8prs_300000gn/T/fm-control-relaunch.S6Lh37/completejournal-3063/home/state/rl27.git-hooks/post-commit: Permission denied
rm: /private/var/folders/9r/q38jyzfj091dx86qv8prs_300000gn/T/fm-control-relaunch.S6Lh37/completejournal-3063/home/state/rl27.git-hooks/sendemail-validate: Permission denied
rm: /private/var/folders/9r/q38jyzfj091dx86qv8prs_300000gn/T/fm-control-relaunch.S6Lh37/completejournal-3063/home/state/rl27.git-hooks/applypatch-msg: Permission denied
rm: /private/var/folders/9r/q38jyzfj091dx86qv8prs_300000gn/T/fm-control-relaunch.S6Lh37/completejournal-3063/home/state/rl27.git-hooks/prepare-commit-msg: Permission denied
rm: /private/var/folders/9r/q38jyzfj091dx86qv8prs_300000gn/T/fm-control-relaunch.S6Lh37/completejournal-3063/home/state/rl27.git-hooks/post-checkout: Permission denied
rm: /private/var/folders/9r/q38jyzfj091dx86qv8prs_300000gn/T/fm-control-relaunch.S6Lh37/completejournal-3063/home/state/rl27.git-hooks/post-applypatch: Permission denied
rm: /private/var/folders/9r/q38jyzfj091dx86qv8prs_300000gn/T/fm-control-relaunch.S6Lh37/completejournal-3063/home/state/rl27.git-hooks/post-rewrite: Permission denied
rm: /private/var/folders/9r/q38jyzfj091dx86qv8prs_300000gn/T/fm-control-relaunch.S6Lh37/completejournal-3063/home/state/rl27.git-hooks/commit-msg: Permission denied
rm: /private/var/folders/9r/q38jyzfj091dx86qv8prs_300000gn/T/fm-control-relaunch.S6Lh37/completejournal-3063/home/state/rl27.git-hooks/pre-push: Permission denied
rm: /private/var/folders/9r/q38jyzfj091dx86qv8prs_300000gn/T/fm-control-relaunch.S6Lh37/completejournal-3063/home/state/rl27.git-hooks/post-merge: Permission denied
rm: /private/var/folders/9r/q38jyzfj091dx86qv8prs_300000gn/T/fm-control-relaunch.S6Lh37/completejournal-3063/home/state/rl27.git-hooks/pre-commit: Permission denied
rm: /private/var/folders/9r/q38jyzfj091dx86qv8prs_300000gn/T/fm-control-relaunch.S6Lh37/completejournal-3063/home/state/rl27.git-hooks: Directory not empty
rm: /private/var/folders/9r/q38jyzfj091dx86qv8prs_300000gn/T/fm-control-relaunch.S6Lh37/completejournal-3063/home/state: Directory not empty
rm: /private/var/folders/9r/q38jyzfj091dx86qv8prs_300000gn/T/fm-control-relaunch.S6Lh37/completejournal-3063/home: Directory not empty
rm: /private/var/folders/9r/q38jyzfj091dx86qv8prs_300000gn/T/fm-control-relaunch.S6Lh37/completejournal-3063: Directory not empty
rm: /private/var/folders/9r/q38jyzfj091dx86qv8prs_300000gn/T/fm-control-relaunch.S6Lh37/metadata-race-11555/home/state/rl28.git-hooks/pre-rebase: Permission denied
rm: /private/var/folders/9r/q38jyzfj091dx86qv8prs_300000gn/T/fm-control-relaunch.S6Lh37/metadata-race-11555/home/state/rl28.git-hooks/pre-applypatch: Permission denied
rm: /private/var/folders/9r/q38jyzfj091dx86qv8prs_300000gn/T/fm-control-relaunch.S6Lh37/metadata-race-11555/home/state/rl28.git-hooks/pre-auto-gc: Permission denied
rm: /private/var/folders/9r/q38jyzfj091dx86qv8prs_300000gn/T/fm-control-relaunch.S6Lh37/metadata-race-11555/home/state/rl28.git-hooks/pre-merge-commit: Permission denied
rm: /private/var/folders/9r/q38jyzfj091dx86qv8prs_300000gn/T/fm-control-relaunch.S6Lh37/metadata-race-11555/home/state/rl28.git-hooks/post-commit: Permission denied
rm: /private/var/folders/9r/q38jyzfj091dx86qv8prs_300000gn/T/fm-control-relaunch.S6Lh37/metadata-race-11555/home/state/rl28.git-hooks/sendemail-validate: Permission denied
rm: /private/var/folders/9r/q38jyzfj091dx86qv8prs_300000gn/T/fm-control-relaunch.S6Lh37/metadata-race-11555/home/state/rl28.git-hooks/applypatch-msg: Permission denied
rm: /private/var/folders/9r/q38jyzfj091dx86qv8prs_300000gn/T/fm-control-relaunch.S6Lh37/metadata-race-11555/home/state/rl28.git-hooks/prepare-commit-msg: Permission denied
rm: /private/var/folders/9r/q38jyzfj091dx86qv8prs_300000gn/T/fm-control-relaunch.S6Lh37/metadata-race-11555/home/state/rl28.git-hooks/post-checkout: Permission denied
rm: /private/var/folders/9r/q38jyzfj091dx86qv8prs_300000gn/T/fm-control-relaunch.S6Lh37/metadata-race-11555/home/state/rl28.git-hooks/post-applypatch: Permission denied
rm: /private/var/folders/9r/q38jyzfj091dx86qv8prs_300000gn/T/fm-control-relaunch.S6Lh37/metadata-race-11555/home/state/rl28.git-hooks/post-rewrite: Permission denied
rm: /private/var/folders/9r/q38jyzfj091dx86qv8prs_300000gn/T/fm-control-relaunch.S6Lh37/metadata-race-11555/home/state/rl28.git-hooks/commit-msg: Permission denied
rm: /private/var/folders/9r/q38jyzfj091dx86qv8prs_300000gn/T/fm-control-relaunch.S6Lh37/metadata-race-11555/home/state/rl28.git-hooks/pre-push: Permission denied
rm: /private/var/folders/9r/q38jyzfj091dx86qv8prs_300000gn/T/fm-control-relaunch.S6Lh37/metadata-race-11555/home/state/rl28.git-hooks/post-merge: Permission denied
rm: /private/var/folders/9r/q38jyzfj091dx86qv8prs_300000gn/T/fm-control-relaunch.S6Lh37/metadata-race-11555/home/state/rl28.git-hooks/pre-commit: Permission denied
rm: /private/var/folders/9r/q38jyzfj091dx86qv8prs_300000gn/T/fm-control-relaunch.S6Lh37/metadata-race-11555/home/state/rl28.git-hooks: Directory not empty
rm: /private/var/folders/9r/q38jyzfj091dx86qv8prs_300000gn/T/fm-control-relaunch.S6Lh37/metadata-race-11555/home/state: Directory not empty
rm: /private/var/folders/9r/q38jyzfj091dx86qv8prs_300000gn/T/fm-control-relaunch.S6Lh37/metadata-race-11555/home: Directory not empty
rm: /private/var/folders/9r/q38jyzfj091dx86qv8prs_300000gn/T/fm-control-relaunch.S6Lh37/metadata-race-11555: Directory not empty
rm: /private/var/folders/9r/q38jyzfj091dx86qv8prs_300000gn/T/fm-control-relaunch.S6Lh37/polytokenwiring-22584/home/state/rl36.git-hooks/pre-rebase: Permission denied
rm: /private/var/folders/9r/q38jyzfj091dx86qv8prs_300000gn/T/fm-control-relaunch.S6Lh37/polytokenwiring-22584/home/state/rl36.git-hooks/pre-applypatch: Permission denied
rm: /private/var/folders/9r/q38jyzfj091dx86qv8prs_300000gn/T/fm-control-relaunch.S6Lh37/polytokenwiring-22584/home/state/rl36.git-hooks/pre-auto-gc: Permission denied
rm: /private/var/folders/9r/q38jyzfj091dx86qv8prs_300000gn/T/fm-control-relaunch.S6Lh37/polytokenwiring-22584/home/state/rl36.git-hooks/pre-merge-commit: Permission denied
rm: /private/var/folders/9r/q38jyzfj091dx86qv8prs_300000gn/T/fm-control-relaunch.S6Lh37/polytokenwiring-22584/home/state/rl36.git-hooks/post-commit: Permission denied
rm: /private/var/folders/9r/q38jyzfj091dx86qv8prs_300000gn/T/fm-control-relaunch.S6Lh37/polytokenwiring-22584/home/state/rl36.git-hooks/sendemail-validate: Permission denied
rm: /private/var/folders/9r/q38jyzfj091dx86qv8prs_300000gn/T/fm-control-relaunch.S6Lh37/polytokenwiring-22584/home/state/rl36.git-hooks/applypatch-msg: Permission denied
rm: /private/var/folders/9r/q38jyzfj091dx86qv8prs_300000gn/T/fm-control-relaunch.S6Lh37/polytokenwiring-22584/home/state/rl36.git-hooks/prepare-commit-msg: Permission denied
rm: /private/var/folders/9r/q38jyzfj091dx86qv8prs_300000gn/T/fm-control-relaunch.S6Lh37/polytokenwiring-22584/home/state/rl36.git-hooks/post-checkout: Permission denied
rm: /private/var/folders/9r/q38jyzfj091dx86qv8prs_300000gn/T/fm-control-relaunch.S6Lh37/polytokenwiring-22584/home/state/rl36.git-hooks/post-applypatch: Permission denied
rm: /private/var/folders/9r/q38jyzfj091dx86qv8prs_300000gn/T/fm-control-relaunch.S6Lh37/polytokenwiring-22584/home/state/rl36.git-hooks/post-rewrite: Permission denied
rm: /private/var/folders/9r/q38jyzfj091dx86qv8prs_300000gn/T/fm-control-relaunch.S6Lh37/polytokenwiring-22584/home/state/rl36.git-hooks/commit-msg: Permission denied
rm: /private/var/folders/9r/q38jyzfj091dx86qv8prs_300000gn/T/fm-control-relaunch.S6Lh37/polytokenwiring-22584/home/state/rl36.git-hooks/pre-push: Permission denied
rm: /private/var/folders/9r/q38jyzfj091dx86qv8prs_300000gn/T/fm-control-relaunch.S6Lh37/polytokenwiring-22584/home/state/rl36.git-hooks/post-merge: Permission denied
rm: /private/var/folders/9r/q38jyzfj091dx86qv8prs_300000gn/T/fm-control-relaunch.S6Lh37/polytokenwiring-22584/home/state/rl36.git-hooks/pre-commit: Permission denied
rm: /private/var/folders/9r/q38jyzfj091dx86qv8prs_300000gn/T/fm-control-relaunch.S6Lh37/polytokenwiring-22584/home/state/rl36.git-hooks: Directory not empty
rm: /private/var/folders/9r/q38jyzfj091dx86qv8prs_300000gn/T/fm-control-relaunch.S6Lh37/polytokenwiring-22584/home/state: Directory not empty
rm: /private/var/folders/9r/q38jyzfj091dx86qv8prs_300000gn/T/fm-control-relaunch.S6Lh37/polytokenwiring-22584/home: Directory not empty
rm: /private/var/folders/9r/q38jyzfj091dx86qv8prs_300000gn/T/fm-control-relaunch.S6Lh37/polytokenwiring-22584: Directory not empty
rm: /private/var/folders/9r/q38jyzfj091dx86qv8prs_300000gn/T/fm-control-relaunch.S6Lh37/switch-16048/home/state/rl4.git-hooks/pre-rebase: Permission denied
rm: /private/var/folders/9r/q38jyzfj091dx86qv8prs_300000gn/T/fm-control-relaunch.S6Lh37/switch-16048/home/state/rl4.git-hooks/pre-applypatch: Permission denied
rm: /private/var/folders/9r/q38jyzfj091dx86qv8prs_300000gn/T/fm-control-relaunch.S6Lh37/switch-16048/home/state/rl4.git-hooks/pre-auto-gc: Permission denied
rm: /private/var/folders/9r/q38jyzfj091dx86qv8prs_300000gn/T/fm-control-relaunch.S6Lh37/switch-16048/home/state/rl4.git-hooks/pre-merge-commit: Permission denied
rm: /private/var/folders/9r/q38jyzfj091dx86qv8prs_300000gn/T/fm-control-relaunch.S6Lh37/switch-16048/home/state/rl4.git-hooks/post-commit: Permission denied
rm: /private/var/folders/9r/q38jyzfj091dx86qv8prs_300000gn/T/fm-control-relaunch.S6Lh37/switch-16048/home/state/rl4.git-hooks/sendemail-validate: Permission denied
rm: /private/var/folders/9r/q38jyzfj091dx86qv8prs_300000gn/T/fm-control-relaunch.S6Lh37/switch-16048/home/state/rl4.git-hooks/applypatch-msg: Permission denied
rm: /private/var/folders/9r/q38jyzfj091dx86qv8prs_300000gn/T/fm-control-relaunch.S6Lh37/switch-16048/home/state/rl4.git-hooks/prepare-commit-msg: Permission denied
rm: /private/var/folders/9r/q38jyzfj091dx86qv8prs_300000gn/T/fm-control-relaunch.S6Lh37/switch-16048/home/state/rl4.git-hooks/post-checkout: Permission denied
rm: /private/var/folders/9r/q38jyzfj091dx86qv8prs_300000gn/T/fm-control-relaunch.S6Lh37/switch-16048/home/state/rl4.git-hooks/post-applypatch: Permission denied
rm: /private/var/folders/9r/q38jyzfj091dx86qv8prs_300000gn/T/fm-control-relaunch.S6Lh37/switch-16048/home/state/rl4.git-hooks/post-rewrite: Permission denied
rm: /private/var/folders/9r/q38jyzfj091dx86qv8prs_300000gn/T/fm-control-relaunch.S6Lh37/switch-16048/home/state/rl4.git-hooks/commit-msg: Permission denied
rm: /private/var/folders/9r/q38jyzfj091dx86qv8prs_300000gn/T/fm-control-relaunch.S6Lh37/switch-16048/home/state/rl4.git-hooks/pre-push: Permission denied
rm: /private/var/folders/9r/q38jyzfj091dx86qv8prs_300000gn/T/fm-control-relaunch.S6Lh37/switch-16048/home/state/rl4.git-hooks/post-merge: Permission denied
rm: /private/var/folders/9r/q38jyzfj091dx86qv8prs_300000gn/T/fm-control-relaunch.S6Lh37/switch-16048/home/state/rl4.git-hooks/pre-commit: Permission denied
rm: /private/var/folders/9r/q38jyzfj091dx86qv8prs_300000gn/T/fm-control-relaunch.S6Lh37/switch-16048/home/state/rl4.git-hooks: Directory not empty
rm: /private/var/folders/9r/q38jyzfj091dx86qv8prs_300000gn/T/fm-control-relaunch.S6Lh37/switch-16048/home/state: Directory not empty
rm: /private/var/folders/9r/q38jyzfj091dx86qv8prs_300000gn/T/fm-control-relaunch.S6Lh37/switch-16048/home: Directory not empty
rm: /private/var/folders/9r/q38jyzfj091dx86qv8prs_300000gn/T/fm-control-relaunch.S6Lh37/switch-16048: Directory not empty
rm: /private/var/folders/9r/q38jyzfj091dx86qv8prs_300000gn/T/fm-control-relaunch.S6Lh37/explicit-6523/home/state/rl7.git-hooks/pre-rebase: Permission denied
rm: /private/var/folders/9r/q38jyzfj091dx86qv8prs_300000gn/T/fm-control-relaunch.S6Lh37/explicit-6523/home/state/rl7.git-hooks/pre-applypatch: Permission denied
rm: /private/var/folders/9r/q38jyzfj091dx86qv8prs_300000gn/T/fm-control-relaunch.S6Lh37/explicit-6523/home/state/rl7.git-hooks/pre-auto-gc: Permission denied
rm: /private/var/folders/9r/q38jyzfj091dx86qv8prs_300000gn/T/fm-control-relaunch.S6Lh37/explicit-6523/home/state/rl7.git-hooks/pre-merge-commit: Permission denied
rm: /private/var/folders/9r/q38jyzfj091dx86qv8prs_300000gn/T/fm-control-relaunch.S6Lh37/explicit-6523/home/state/rl7.git-hooks/post-commit: Permission denied
rm: /private/var/folders/9r/q38jyzfj091dx86qv8prs_300000gn/T/fm-control-relaunch.S6Lh37/explicit-6523/home/state/rl7.git-hooks/sendemail-validate: Permission denied
rm: /private/var/folders/9r/q38jyzfj091dx86qv8prs_300000gn/T/fm-control-relaunch.S6Lh37/explicit-6523/home/state/rl7.git-hooks/applypatch-msg: Permission denied
rm: /private/var/folders/9r/q38jyzfj091dx86qv8prs_300000gn/T/fm-control-relaunch.S6Lh37/explicit-6523/home/state/rl7.git-hooks/prepare-commit-msg: Permission denied
rm: /private/var/folders/9r/q38jyzfj091dx86qv8prs_300000gn/T/fm-control-relaunch.S6Lh37/explicit-6523/home/state/rl7.git-hooks/post-checkout: Permission denied
rm: /private/var/folders/9r/q38jyzfj091dx86qv8prs_300000gn/T/fm-control-relaunch.S6Lh37/explicit-6523/home/state/rl7.git-hooks/post-applypatch: Permission denied
rm: /private/var/folders/9r/q38jyzfj091dx86qv8prs_300000gn/T/fm-control-relaunch.S6Lh37/explicit-6523/home/state/rl7.git-hooks/post-rewrite: Permission denied
rm: /private/var/folders/9r/q38jyzfj091dx86qv8prs_300000gn/T/fm-control-relaunch.S6Lh37/explicit-6523/home/state/rl7.git-hooks/commit-msg: Permission denied
rm: /private/var/folders/9r/q38jyzfj091dx86qv8prs_300000gn/T/fm-control-relaunch.S6Lh37/explicit-6523/home/state/rl7.git-hooks/pre-push: Permission denied
rm: /private/var/folders/9r/q38jyzfj091dx86qv8prs_300000gn/T/fm-control-relaunch.S6Lh37/explicit-6523/home/state/rl7.git-hooks/post-merge: Permission denied
rm: /private/var/folders/9r/q38jyzfj091dx86qv8prs_300000gn/T/fm-control-relaunch.S6Lh37/explicit-6523/home/state/rl7.git-hooks/pre-commit: Permission denied
rm: /private/var/folders/9r/q38jyzfj091dx86qv8prs_300000gn/T/fm-control-relaunch.S6Lh37/explicit-6523/home/state/rl7.git-hooks: Directory not empty
rm: /private/var/folders/9r/q38jyzfj091dx86qv8prs_300000gn/T/fm-control-relaunch.S6Lh37/explicit-6523/home/state: Directory not empty
rm: /private/var/folders/9r/q38jyzfj091dx86qv8prs_300000gn/T/fm-control-relaunch.S6Lh37/explicit-6523/home: Directory not empty
rm: /private/var/folders/9r/q38jyzfj091dx86qv8prs_300000gn/T/fm-control-relaunch.S6Lh37/explicit-6523: Directory not empty
rm: /private/var/folders/9r/q38jyzfj091dx86qv8prs_300000gn/T/fm-control-relaunch.S6Lh37/drifted-29492/home/state/rl41.git-hooks/pre-rebase: Permission denied
rm: /private/var/folders/9r/q38jyzfj091dx86qv8prs_300000gn/T/fm-control-relaunch.S6Lh37/drifted-29492/home/state/rl41.git-hooks/pre-applypatch: Permission denied
rm: /private/var/folders/9r/q38jyzfj091dx86qv8prs_300000gn/T/fm-control-relaunch.S6Lh37/drifted-29492/home/state/rl41.git-hooks/pre-auto-gc: Permission denied
rm: /private/var/folders/9r/q38jyzfj091dx86qv8prs_300000gn/T/fm-control-relaunch.S6Lh37/drifted-29492/home/state/rl41.git-hooks/pre-merge-commit: Permission denied
rm: /private/var/folders/9r/q38jyzfj091dx86qv8prs_300000gn/T/fm-control-relaunch.S6Lh37/drifted-29492/home/state/rl41.git-hooks/post-commit: Permission denied
rm: /private/var/folders/9r/q38jyzfj091dx86qv8prs_300000gn/T/fm-control-relaunch.S6Lh37/drifted-29492/home/state/rl41.git-hooks/sendemail-validate: Permission denied
rm: /private/var/folders/9r/q38jyzfj091dx86qv8prs_300000gn/T/fm-control-relaunch.S6Lh37/drifted-29492/home/state/rl41.git-hooks/applypatch-msg: Permission denied
rm: /private/var/folders/9r/q38jyzfj091dx86qv8prs_300000gn/T/fm-control-relaunch.S6Lh37/drifted-29492/home/state/rl41.git-hooks/prepare-commit-msg: Permission denied
rm: /private/var/folders/9r/q38jyzfj091dx86qv8prs_300000gn/T/fm-control-relaunch.S6Lh37/drifted-29492/home/state/rl41.git-hooks/post-checkout: Permission denied
rm: /private/var/folders/9r/q38jyzfj091dx86qv8prs_300000gn/T/fm-control-relaunch.S6Lh37/drifted-29492/home/state/rl41.git-hooks/post-applypatch: Permission denied
rm: /private/var/folders/9r/q38jyzfj091dx86qv8prs_300000gn/T/fm-control-relaunch.S6Lh37/drifted-29492/home/state/rl41.git-hooks/post-rewrite: Permission denied
rm: /private/var/folders/9r/q38jyzfj091dx86qv8prs_300000gn/T/fm-control-relaunch.S6Lh37/drifted-29492/home/state/rl41.git-hooks/commit-msg: Permission denied
rm: /private/var/folders/9r/q38jyzfj091dx86qv8prs_300000gn/T/fm-control-relaunch.S6Lh37/drifted-29492/home/state/rl41.git-hooks/pre-push: Permission denied
rm: /private/var/folders/9r/q38jyzfj091dx86qv8prs_300000gn/T/fm-control-relaunch.S6Lh37/drifted-29492/home/state/rl41.git-hooks/post-merge: Permission denied
rm: /private/var/folders/9r/q38jyzfj091dx86qv8prs_300000gn/T/fm-control-relaunch.S6Lh37/drifted-29492/home/state/rl41.git-hooks/pre-commit: Permission denied
rm: /private/var/folders/9r/q38jyzfj091dx86qv8prs_300000gn/T/fm-control-relaunch.S6Lh37/drifted-29492/home/state/rl41.git-hooks: Directory not empty
rm: /private/var/folders/9r/q38jyzfj091dx86qv8prs_300000gn/T/fm-control-relaunch.S6Lh37/drifted-29492/home/state: Directory not empty
rm: /private/var/folders/9r/q38jyzfj091dx86qv8prs_300000gn/T/fm-control-relaunch.S6Lh37/drifted-29492/home: Directory not empty
rm: /private/var/folders/9r/q38jyzfj091dx86qv8prs_300000gn/T/fm-control-relaunch.S6Lh37/drifted-29492: Directory not empty
rm: /private/var/folders/9r/q38jyzfj091dx86qv8prs_300000gn/T/fm-control-relaunch.S6Lh37/continuous-meta-lock-18243/home/state/rl38.git-hooks/pre-rebase: Permission denied
rm: /private/var/folders/9r/q38jyzfj091dx86qv8prs_300000gn/T/fm-control-relaunch.S6Lh37/continuous-meta-lock-18243/home/state/rl38.git-hooks/pre-applypatch: Permission denied
rm: /private/var/folders/9r/q38jyzfj091dx86qv8prs_300000gn/T/fm-control-relaunch.S6Lh37/continuous-meta-lock-18243/home/state/rl38.git-hooks/pre-auto-gc: Permission denied
rm: /private/var/folders/9r/q38jyzfj091dx86qv8prs_300000gn/T/fm-control-relaunch.S6Lh37/continuous-meta-lock-18243/home/state/rl38.git-hooks/pre-merge-commit: Permission denied
rm: /private/var/folders/9r/q38jyzfj091dx86qv8prs_300000gn/T/fm-control-relaunch.S6Lh37/continuous-meta-lock-18243/home/state/rl38.git-hooks/post-commit: Permission denied
rm: /private/var/folders/9r/q38jyzfj091dx86qv8prs_300000gn/T/fm-control-relaunch.S6Lh37/continuous-meta-lock-18243/home/state/rl38.git-hooks/sendemail-validate: Permission denied
rm: /private/var/folders/9r/q38jyzfj091dx86qv8prs_300000gn/T/fm-control-relaunch.S6Lh37/continuous-meta-lock-18243/home/state/rl38.git-hooks/applypatch-msg: Permission denied
rm: /private/var/folders/9r/q38jyzfj091dx86qv8prs_300000gn/T/fm-control-relaunch.S6Lh37/continuous-meta-lock-18243/home/state/rl38.git-hooks/prepare-commit-msg: Permission denied
rm: /private/var/folders/9r/q38jyzfj091dx86qv8prs_300000gn/T/fm-control-relaunch.S6Lh37/continuous-meta-lock-18243/home/state/rl38.git-hooks/post-checkout: Permission denied
rm: /private/var/folders/9r/q38jyzfj091dx86qv8prs_300000gn/T/fm-control-relaunch.S6Lh37/continuous-meta-lock-18243/home/state/rl38.git-hooks/post-applypatch: Permission denied
rm: /private/var/folders/9r/q38jyzfj091dx86qv8prs_300000gn/T/fm-control-relaunch.S6Lh37/continuous-meta-lock-18243/home/state/rl38.git-hooks/post-rewrite: Permission denied
rm: /private/var/folders/9r/q38jyzfj091dx86qv8prs_300000gn/T/fm-control-relaunch.S6Lh37/continuous-meta-lock-18243/home/state/rl38.git-hooks/commit-msg: Permission denied
rm: /private/var/folders/9r/q38jyzfj091dx86qv8prs_300000gn/T/fm-control-relaunch.S6Lh37/continuous-meta-lock-18243/home/state/rl38.git-hooks/pre-push: Permission denied
rm: /private/var/folders/9r/q38jyzfj091dx86qv8prs_300000gn/T/fm-control-relaunch.S6Lh37/continuous-meta-lock-18243/home/state/rl38.git-hooks/post-merge: Permission denied
rm: /private/var/folders/9r/q38jyzfj091dx86qv8prs_300000gn/T/fm-control-relaunch.S6Lh37/continuous-meta-lock-18243/home/state/rl38.git-hooks/pre-commit: Permission denied
rm: /private/var/folders/9r/q38jyzfj091dx86qv8prs_300000gn/T/fm-control-relaunch.S6Lh37/continuous-meta-lock-18243/home/state/rl38.git-hooks: Directory not empty
rm: /private/var/folders/9r/q38jyzfj091dx86qv8prs_300000gn/T/fm-control-relaunch.S6Lh37/continuous-meta-lock-18243/home/state: Directory not empty
rm: /private/var/folders/9r/q38jyzfj091dx86qv8prs_300000gn/T/fm-control-relaunch.S6Lh37/continuous-meta-lock-18243/home: Directory not empty
rm: /private/var/folders/9r/q38jyzfj091dx86qv8prs_300000gn/T/fm-control-relaunch.S6Lh37/continuous-meta-lock-18243: Directory not empty
rm: /private/var/folders/9r/q38jyzfj091dx86qv8prs_300000gn/T/fm-control-relaunch.S6Lh37/journal-16482/home/state/rl14.git-hooks/pre-rebase: Permission denied
rm: /private/var/folders/9r/q38jyzfj091dx86qv8prs_300000gn/T/fm-control-relaunch.S6Lh37/journal-16482/home/state/rl14.git-hooks/pre-applypatch: Permission denied
rm: /private/var/folders/9r/q38jyzfj091dx86qv8prs_300000gn/T/fm-control-relaunch.S6Lh37/journal-16482/home/state/rl14.git-hooks/pre-auto-gc: Permission denied
rm: /private/var/folders/9r/q38jyzfj091dx86qv8prs_300000gn/T/fm-control-relaunch.S6Lh37/journal-16482/home/state/rl14.git-hooks/pre-merge-commit: Permission denied
rm: /private/var/folders/9r/q38jyzfj091dx86qv8prs_300000gn/T/fm-control-relaunch.S6Lh37/journal-16482/home/state/rl14.git-hooks/post-commit: Permission denied
rm: /private/var/folders/9r/q38jyzfj091dx86qv8prs_300000gn/T/fm-control-relaunch.S6Lh37/journal-16482/home/state/rl14.git-hooks/sendemail-validate: Permission denied
rm: /private/var/folders/9r/q38jyzfj091dx86qv8prs_300000gn/T/fm-control-relaunch.S6Lh37/journal-16482/home/state/rl14.git-hooks/applypatch-msg: Permission denied
rm: /private/var/folders/9r/q38jyzfj091dx86qv8prs_300000gn/T/fm-control-relaunch.S6Lh37/journal-16482/home/state/rl14.git-hooks/prepare-commit-msg: Permission denied
rm: /private/var/folders/9r/q38jyzfj091dx86qv8prs_300000gn/T/fm-control-relaunch.S6Lh37/journal-16482/home/state/rl14.git-hooks/post-checkout: Permission denied
rm: /private/var/folders/9r/q38jyzfj091dx86qv8prs_300000gn/T/fm-control-relaunch.S6Lh37/journal-16482/home/state/rl14.git-hooks/post-applypatch: Permission denied
rm: /private/var/folders/9r/q38jyzfj091dx86qv8prs_300000gn/T/fm-control-relaunch.S6Lh37/journal-16482/home/state/rl14.git-hooks/post-rewrite: Permission denied
rm: /private/var/folders/9r/q38jyzfj091dx86qv8prs_300000gn/T/fm-control-relaunch.S6Lh37/journal-16482/home/state/rl14.git-hooks/commit-msg: Permission denied
rm: /private/var/folders/9r/q38jyzfj091dx86qv8prs_300000gn/T/fm-control-relaunch.S6Lh37/journal-16482/home/state/rl14.git-hooks/pre-push: Permission denied
rm: /private/var/folders/9r/q38jyzfj091dx86qv8prs_300000gn/T/fm-control-relaunch.S6Lh37/journal-16482/home/state/rl14.git-hooks/post-merge: Permission denied
rm: /private/var/folders/9r/q38jyzfj091dx86qv8prs_300000gn/T/fm-control-relaunch.S6Lh37/journal-16482/home/state/rl14.git-hooks/pre-commit: Permission denied
rm: /private/var/folders/9r/q38jyzfj091dx86qv8prs_300000gn/T/fm-control-relaunch.S6Lh37/journal-16482/home/state/rl14.git-hooks: Directory not empty
rm: /private/var/folders/9r/q38jyzfj091dx86qv8prs_300000gn/T/fm-control-relaunch.S6Lh37/journal-16482/home/state: Directory not empty
rm: /private/var/folders/9r/q38jyzfj091dx86qv8prs_300000gn/T/fm-control-relaunch.S6Lh37/journal-16482/home: Directory not empty
rm: /private/var/folders/9r/q38jyzfj091dx86qv8prs_300000gn/T/fm-control-relaunch.S6Lh37/journal-16482: Directory not empty
rm: /private/var/folders/9r/q38jyzfj091dx86qv8prs_300000gn/T/fm-control-relaunch.S6Lh37/keepprofile-19604/home/state/rl6.git-hooks/pre-rebase: Permission denied
rm: /private/var/folders/9r/q38jyzfj091dx86qv8prs_300000gn/T/fm-control-relaunch.S6Lh37/keepprofile-19604/home/state/rl6.git-hooks/pre-applypatch: Permission denied
rm: /private/var/folders/9r/q38jyzfj091dx86qv8prs_300000gn/T/fm-control-relaunch.S6Lh37/keepprofile-19604/home/state/rl6.git-hooks/pre-auto-gc: Permission denied
rm: /private/var/folders/9r/q38jyzfj091dx86qv8prs_300000gn/T/fm-control-relaunch.S6Lh37/keepprofile-19604/home/state/rl6.git-hooks/pre-merge-commit: Permission denied
rm: /private/var/folders/9r/q38jyzfj091dx86qv8prs_300000gn/T/fm-control-relaunch.S6Lh37/keepprofile-19604/home/state/rl6.git-hooks/post-commit: Permission denied
rm: /private/var/folders/9r/q38jyzfj091dx86qv8prs_300000gn/T/fm-control-relaunch.S6Lh37/keepprofile-19604/home/state/rl6.git-hooks/sendemail-validate: Permission denied
rm: /private/var/folders/9r/q38jyzfj091dx86qv8prs_300000gn/T/fm-control-relaunch.S6Lh37/keepprofile-19604/home/state/rl6.git-hooks/applypatch-msg: Permission denied
rm: /private/var/folders/9r/q38jyzfj091dx86qv8prs_300000gn/T/fm-control-relaunch.S6Lh37/keepprofile-19604/home/state/rl6.git-hooks/prepare-commit-msg: Permission denied
rm: /private/var/folders/9r/q38jyzfj091dx86qv8prs_300000gn/T/fm-control-relaunch.S6Lh37/keepprofile-19604/home/state/rl6.git-hooks/post-checkout: Permission denied
rm: /private/var/folders/9r/q38jyzfj091dx86qv8prs_300000gn/T/fm-control-relaunch.S6Lh37/keepprofile-19604/home/state/rl6.git-hooks/post-applypatch: Permission denied
rm: /private/var/folders/9r/q38jyzfj091dx86qv8prs_300000gn/T/fm-control-relaunch.S6Lh37/keepprofile-19604/home/state/rl6.git-hooks/post-rewrite: Permission denied
rm: /private/var/folders/9r/q38jyzfj091dx86qv8prs_300000gn/T/fm-control-relaunch.S6Lh37/keepprofile-19604/home/state/rl6.git-hooks/commit-msg: Permission denied
rm: /private/var/folders/9r/q38jyzfj091dx86qv8prs_300000gn/T/fm-control-relaunch.S6Lh37/keepprofile-19604/home/state/rl6.git-hooks/pre-push: Permission denied
rm: /private/var/folders/9r/q38jyzfj091dx86qv8prs_300000gn/T/fm-control-relaunch.S6Lh37/keepprofile-19604/home/state/rl6.git-hooks/post-merge: Permission denied
rm: /private/var/folders/9r/q38jyzfj091dx86qv8prs_300000gn/T/fm-control-relaunch.S6Lh37/keepprofile-19604/home/state/rl6.git-hooks/pre-commit: Permission denied
rm: /private/var/folders/9r/q38jyzfj091dx86qv8prs_300000gn/T/fm-control-relaunch.S6Lh37/keepprofile-19604/home/state/rl6.git-hooks: Directory not empty
rm: /private/var/folders/9r/q38jyzfj091dx86qv8prs_300000gn/T/fm-control-relaunch.S6Lh37/keepprofile-19604/home/state: Directory not empty
rm: /private/var/folders/9r/q38jyzfj091dx86qv8prs_300000gn/T/fm-control-relaunch.S6Lh37/keepprofile-19604/home: Directory not empty
rm: /private/var/folders/9r/q38jyzfj091dx86qv8prs_300000gn/T/fm-control-relaunch.S6Lh37/keepprofile-19604: Directory not empty
rm: /private/var/folders/9r/q38jyzfj091dx86qv8prs_300000gn/T/fm-control-relaunch.S6Lh37/grokauth-19025/home/state/rl9.git-hooks/pre-rebase: Permission denied
rm: /private/var/folders/9r/q38jyzfj091dx86qv8prs_300000gn/T/fm-control-relaunch.S6Lh37/grokauth-19025/home/state/rl9.git-hooks/pre-applypatch: Permission denied
rm: /private/var/folders/9r/q38jyzfj091dx86qv8prs_300000gn/T/fm-control-relaunch.S6Lh37/grokauth-19025/home/state/rl9.git-hooks/pre-auto-gc: Permission denied
rm: /private/var/folders/9r/q38jyzfj091dx86qv8prs_300000gn/T/fm-control-relaunch.S6Lh37/grokauth-19025/home/state/rl9.git-hooks/pre-merge-commit: Permission denied
rm: /private/var/folders/9r/q38jyzfj091dx86qv8prs_300000gn/T/fm-control-relaunch.S6Lh37/grokauth-19025/home/state/rl9.git-hooks/post-commit: Permission denied
rm: /private/var/folders/9r/q38jyzfj091dx86qv8prs_300000gn/T/fm-control-relaunch.S6Lh37/grokauth-19025/home/state/rl9.git-hooks/sendemail-validate: Permission denied
rm: /private/var/folders/9r/q38jyzfj091dx86qv8prs_300000gn/T/fm-control-relaunch.S6Lh37/grokauth-19025/home/state/rl9.git-hooks/applypatch-msg: Permission denied
rm: /private/var/folders/9r/q38jyzfj091dx86qv8prs_300000gn/T/fm-control-relaunch.S6Lh37/grokauth-19025/home/state/rl9.git-hooks/prepare-commit-msg: Permission denied
rm: /private/var/folders/9r/q38jyzfj091dx86qv8prs_300000gn/T/fm-control-relaunch.S6Lh37/grokauth-19025/home/state/rl9.git-hooks/post-checkout: Permission denied
rm: /private/var/folders/9r/q38jyzfj091dx86qv8prs_300000gn/T/fm-control-relaunch.S6Lh37/grokauth-19025/home/state/rl9.git-hooks/post-applypatch: Permission denied
rm: /private/var/folders/9r/q38jyzfj091dx86qv8prs_300000gn/T/fm-control-relaunch.S6Lh37/grokauth-19025/home/state/rl9.git-hooks/post-rewrite: Permission denied
rm: /private/var/folders/9r/q38jyzfj091dx86qv8prs_300000gn/T/fm-control-relaunch.S6Lh37/grokauth-19025/home/state/rl9.git-hooks/commit-msg: Permission denied
rm: /private/var/folders/9r/q38jyzfj091dx86qv8prs_300000gn/T/fm-control-relaunch.S6Lh37/grokauth-19025/home/state/rl9.git-hooks/pre-push: Permission denied
rm: /private/var/folders/9r/q38jyzfj091dx86qv8prs_300000gn/T/fm-control-relaunch.S6Lh37/grokauth-19025/home/state/rl9.git-hooks/post-merge: Permission denied
rm: /private/var/folders/9r/q38jyzfj091dx86qv8prs_300000gn/T/fm-control-relaunch.S6Lh37/grokauth-19025/home/state/rl9.git-hooks/pre-commit: Permission denied
rm: /private/var/folders/9r/q38jyzfj091dx86qv8prs_300000gn/T/fm-control-relaunch.S6Lh37/grokauth-19025/home/state/rl9.git-hooks: Directory not empty
rm: /private/var/folders/9r/q38jyzfj091dx86qv8prs_300000gn/T/fm-control-relaunch.S6Lh37/grokauth-19025/home/state: Directory not empty
rm: /private/var/folders/9r/q38jyzfj091dx86qv8prs_300000gn/T/fm-control-relaunch.S6Lh37/grokauth-19025/home: Directory not empty
rm: /private/var/folders/9r/q38jyzfj091dx86qv8prs_300000gn/T/fm-control-relaunch.S6Lh37/grokauth-19025: Directory not empty
rm: /private/var/folders/9r/q38jyzfj091dx86qv8prs_300000gn/T/fm-control-relaunch.S6Lh37/gone-herdr-work-2999/home/state/rl75.git-hooks/pre-rebase: Permission denied
rm: /private/var/folders/9r/q38jyzfj091dx86qv8prs_300000gn/T/fm-control-relaunch.S6Lh37/gone-herdr-work-2999/home/state/rl75.git-hooks/pre-applypatch: Permission denied
rm: /private/var/folders/9r/q38jyzfj091dx86qv8prs_300000gn/T/fm-control-relaunch.S6Lh37/gone-herdr-work-2999/home/state/rl75.git-hooks/pre-auto-gc: Permission denied
rm: /private/var/folders/9r/q38jyzfj091dx86qv8prs_300000gn/T/fm-control-relaunch.S6Lh37/gone-herdr-work-2999/home/state/rl75.git-hooks/pre-merge-commit: Permission denied
rm: /private/var/folders/9r/q38jyzfj091dx86qv8prs_300000gn/T/fm-control-relaunch.S6Lh37/gone-herdr-work-2999/home/state/rl75.git-hooks/post-commit: Permission denied
rm: /private/var/folders/9r/q38jyzfj091dx86qv8prs_300000gn/T/fm-control-relaunch.S6Lh37/gone-herdr-work-2999/home/state/rl75.git-hooks/sendemail-validate: Permission denied
rm: /private/var/folders/9r/q38jyzfj091dx86qv8prs_300000gn/T/fm-control-relaunch.S6Lh37/gone-herdr-work-2999/home/state/rl75.git-hooks/applypatch-msg: Permission denied
rm: /private/var/folders/9r/q38jyzfj091dx86qv8prs_300000gn/T/fm-control-relaunch.S6Lh37/gone-herdr-work-2999/home/state/rl75.git-hooks/prepare-commit-msg: Permission denied
rm: /private/var/folders/9r/q38jyzfj091dx86qv8prs_300000gn/T/fm-control-relaunch.S6Lh37/gone-herdr-work-2999/home/state/rl75.git-hooks/post-checkout: Permission denied
rm: /private/var/folders/9r/q38jyzfj091dx86qv8prs_300000gn/T/fm-control-relaunch.S6Lh37/gone-herdr-work-2999/home/state/rl75.git-hooks/post-applypatch: Permission denied
rm: /private/var/folders/9r/q38jyzfj091dx86qv8prs_300000gn/T/fm-control-relaunch.S6Lh37/gone-herdr-work-2999/home/state/rl75.git-hooks/post-rewrite: Permission denied
rm: /private/var/folders/9r/q38jyzfj091dx86qv8prs_300000gn/T/fm-control-relaunch.S6Lh37/gone-herdr-work-2999/home/state/rl75.git-hooks/commit-msg: Permission denied
rm: /private/var/folders/9r/q38jyzfj091dx86qv8prs_300000gn/T/fm-control-relaunch.S6Lh37/gone-herdr-work-2999/home/state/rl75.git-hooks/pre-push: Permission denied
rm: /private/var/folders/9r/q38jyzfj091dx86qv8prs_300000gn/T/fm-control-relaunch.S6Lh37/gone-herdr-work-2999/home/state/rl75.git-hooks/post-merge: Permission denied
rm: /private/var/folders/9r/q38jyzfj091dx86qv8prs_300000gn/T/fm-control-relaunch.S6Lh37/gone-herdr-work-2999/home/state/rl75.git-hooks/pre-commit: Permission denied
rm: /private/var/folders/9r/q38jyzfj091dx86qv8prs_300000gn/T/fm-control-relaunch.S6Lh37/gone-herdr-work-2999/home/state/rl75.git-hooks: Directory not empty
rm: /private/var/folders/9r/q38jyzfj091dx86qv8prs_300000gn/T/fm-control-relaunch.S6Lh37/gone-herdr-work-2999/home/state: Directory not empty
rm: /private/var/folders/9r/q38jyzfj091dx86qv8prs_300000gn/T/fm-control-relaunch.S6Lh37/gone-herdr-work-2999/home: Directory not empty
rm: /private/var/folders/9r/q38jyzfj091dx86qv8prs_300000gn/T/fm-control-relaunch.S6Lh37/gone-herdr-work-2999: Directory not empty
rm: /private/var/folders/9r/q38jyzfj091dx86qv8prs_300000gn/T/fm-control-relaunch.S6Lh37/promoted-scout-no-mistakes-27260/home/state/rl-promoted-no-mistakes.git-hooks/pre-rebase: Permission denied
rm: /private/var/folders/9r/q38jyzfj091dx86qv8prs_300000gn/T/fm-control-relaunch.S6Lh37/promoted-scout-no-mistakes-27260/home/state/rl-promoted-no-mistakes.git-hooks/pre-applypatch: Permission denied
rm: /private/var/folders/9r/q38jyzfj091dx86qv8prs_300000gn/T/fm-control-relaunch.S6Lh37/promoted-scout-no-mistakes-27260/home/state/rl-promoted-no-mistakes.git-hooks/pre-auto-gc: Permission denied
rm: /private/var/folders/9r/q38jyzfj091dx86qv8prs_300000gn/T/fm-control-relaunch.S6Lh37/promoted-scout-no-mistakes-27260/home/state/rl-promoted-no-mistakes.git-hooks/pre-merge-commit: Permission denied
rm: /private/var/folders/9r/q38jyzfj091dx86qv8prs_300000gn/T/fm-control-relaunch.S6Lh37/promoted-scout-no-mistakes-27260/home/state/rl-promoted-no-mistakes.git-hooks/post-commit: Permission denied
rm: /private/var/folders/9r/q38jyzfj091dx86qv8prs_300000gn/T/fm-control-relaunch.S6Lh37/promoted-scout-no-mistakes-27260/home/state/rl-promoted-no-mistakes.git-hooks/sendemail-validate: Permission denied
rm: /private/var/folders/9r/q38jyzfj091dx86qv8prs_300000gn/T/fm-control-relaunch.S6Lh37/promoted-scout-no-mistakes-27260/home/state/rl-promoted-no-mistakes.git-hooks/applypatch-msg: Permission denied
rm: /private/var/folders/9r/q38jyzfj091dx86qv8prs_300000gn/T/fm-control-relaunch.S6Lh37/promoted-scout-no-mistakes-27260/home/state/rl-promoted-no-mistakes.git-hooks/prepare-commit-msg: Permission denied
rm: /private/var/folders/9r/q38jyzfj091dx86qv8prs_300000gn/T/fm-control-relaunch.S6Lh37/promoted-scout-no-mistakes-27260/home/state/rl-promoted-no-mistakes.git-hooks/post-checkout: Permission denied
rm: /private/var/folders/9r/q38jyzfj091dx86qv8prs_300000gn/T/fm-control-relaunch.S6Lh37/promoted-scout-no-mistakes-27260/home/state/rl-promoted-no-mistakes.git-hooks/post-applypatch: Permission denied
rm: /private/var/folders/9r/q38jyzfj091dx86qv8prs_300000gn/T/fm-control-relaunch.S6Lh37/promoted-scout-no-mistakes-27260/home/state/rl-promoted-no-mistakes.git-hooks/post-rewrite: Permission denied
rm: /private/var/folders/9r/q38jyzfj091dx86qv8prs_300000gn/T/fm-control-relaunch.S6Lh37/promoted-scout-no-mistakes-27260/home/state/rl-promoted-no-mistakes.git-hooks/commit-msg: Permission denied
rm: /private/var/folders/9r/q38jyzfj091dx86qv8prs_300000gn/T/fm-control-relaunch.S6Lh37/promoted-scout-no-mistakes-27260/home/state/rl-promoted-no-mistakes.git-hooks/pre-push: Permission denied
rm: /private/var/folders/9r/q38jyzfj091dx86qv8prs_300000gn/T/fm-control-relaunch.S6Lh37/promoted-scout-no-mistakes-27260/home/state/rl-promoted-no-mistakes.git-hooks/post-merge: Permission denied
rm: /private/var/folders/9r/q38jyzfj091dx86qv8prs_300000gn/T/fm-control-relaunch.S6Lh37/promoted-scout-no-mistakes-27260/home/state/rl-promoted-no-mistakes.git-hooks/pre-commit: Permission denied
rm: /private/var/folders/9r/q38jyzfj091dx86qv8prs_300000gn/T/fm-control-relaunch.S6Lh37/promoted-scout-no-mistakes-27260/home/state/rl-promoted-no-mistakes.git-hooks: Directory not empty
rm: /private/var/folders/9r/q38jyzfj091dx86qv8prs_300000gn/T/fm-control-relaunch.S6Lh37/promoted-scout-no-mistakes-27260/home/state: Directory not empty
rm: /private/var/folders/9r/q38jyzfj091dx86qv8prs_300000gn/T/fm-control-relaunch.S6Lh37/promoted-scout-no-mistakes-27260/home: Directory not empty
rm: /private/var/folders/9r/q38jyzfj091dx86qv8prs_300000gn/T/fm-control-relaunch.S6Lh37/promoted-scout-no-mistakes-27260: Directory not empty
rm: /private/var/folders/9r/q38jyzfj091dx86qv8prs_300000gn/T/fm-control-relaunch.S6Lh37/smexplicit-1996/home/state/sm4.git-hooks/pre-rebase: Permission denied
rm: /private/var/folders/9r/q38jyzfj091dx86qv8prs_300000gn/T/fm-control-relaunch.S6Lh37/smexplicit-1996/home/state/sm4.git-hooks/pre-applypatch: Permission denied
rm: /private/var/folders/9r/q38jyzfj091dx86qv8prs_300000gn/T/fm-control-relaunch.S6Lh37/smexplicit-1996/home/state/sm4.git-hooks/pre-auto-gc: Permission denied
rm: /private/var/folders/9r/q38jyzfj091dx86qv8prs_300000gn/T/fm-control-relaunch.S6Lh37/smexplicit-1996/home/state/sm4.git-hooks/pre-merge-commit: Permission denied
rm: /private/var/folders/9r/q38jyzfj091dx86qv8prs_300000gn/T/fm-control-relaunch.S6Lh37/smexplicit-1996/home/state/sm4.git-hooks/post-commit: Permission denied
rm: /private/var/folders/9r/q38jyzfj091dx86qv8prs_300000gn/T/fm-control-relaunch.S6Lh37/smexplicit-1996/home/state/sm4.git-hooks/sendemail-validate: Permission denied
rm: /private/var/folders/9r/q38jyzfj091dx86qv8prs_300000gn/T/fm-control-relaunch.S6Lh37/smexplicit-1996/home/state/sm4.git-hooks/applypatch-msg: Permission denied
rm: /private/var/folders/9r/q38jyzfj091dx86qv8prs_300000gn/T/fm-control-relaunch.S6Lh37/smexplicit-1996/home/state/sm4.git-hooks/prepare-commit-msg: Permission denied
rm: /private/var/folders/9r/q38jyzfj091dx86qv8prs_300000gn/T/fm-control-relaunch.S6Lh37/smexplicit-1996/home/state/sm4.git-hooks/post-checkout: Permission denied
rm: /private/var/folders/9r/q38jyzfj091dx86qv8prs_300000gn/T/fm-control-relaunch.S6Lh37/smexplicit-1996/home/state/sm4.git-hooks/post-applypatch: Permission denied
rm: /private/var/folders/9r/q38jyzfj091dx86qv8prs_300000gn/T/fm-control-relaunch.S6Lh37/smexplicit-1996/home/state/sm4.git-hooks/post-rewrite: Permission denied
rm: /private/var/folders/9r/q38jyzfj091dx86qv8prs_300000gn/T/fm-control-relaunch.S6Lh37/smexplicit-1996/home/state/sm4.git-hooks/commit-msg: Permission denied
rm: /private/var/folders/9r/q38jyzfj091dx86qv8prs_300000gn/T/fm-control-relaunch.S6Lh37/smexplicit-1996/home/state/sm4.git-hooks/pre-push: Permission denied
rm: /private/var/folders/9r/q38jyzfj091dx86qv8prs_300000gn/T/fm-control-relaunch.S6Lh37/smexplicit-1996/home/state/sm4.git-hooks/post-merge: Permission denied
rm: /private/var/folders/9r/q38jyzfj091dx86qv8prs_300000gn/T/fm-control-relaunch.S6Lh37/smexplicit-1996/home/state/sm4.git-hooks/pre-commit: Permission denied
rm: /private/var/folders/9r/q38jyzfj091dx86qv8prs_300000gn/T/fm-control-relaunch.S6Lh37/smexplicit-1996/home/state/sm4.git-hooks: Directory not empty
rm: /private/var/folders/9r/q38jyzfj091dx86qv8prs_300000gn/T/fm-control-relaunch.S6Lh37/smexplicit-1996/home/state: Directory not empty
rm: /private/var/folders/9r/q38jyzfj091dx86qv8prs_300000gn/T/fm-control-relaunch.S6Lh37/smexplicit-1996/home: Directory not empty
rm: /private/var/folders/9r/q38jyzfj091dx86qv8prs_300000gn/T/fm-control-relaunch.S6Lh37/smexplicit-1996: Directory not empty
rm: /private/var/folders/9r/q38jyzfj091dx86qv8prs_300000gn/T/fm-control-relaunch.S6Lh37/profile-18189/home/state/rl5.git-hooks/pre-rebase: Permission denied
rm: /private/var/folders/9r/q38jyzfj091dx86qv8prs_300000gn/T/fm-control-relaunch.S6Lh37/profile-18189/home/state/rl5.git-hooks/pre-applypatch: Permission denied
rm: /private/var/folders/9r/q38jyzfj091dx86qv8prs_300000gn/T/fm-control-relaunch.S6Lh37/profile-18189/home/state/rl5.git-hooks/pre-auto-gc: Permission denied
rm: /private/var/folders/9r/q38jyzfj091dx86qv8prs_300000gn/T/fm-control-relaunch.S6Lh37/profile-18189/home/state/rl5.git-hooks/pre-merge-commit: Permission denied
rm: /private/var/folders/9r/q38jyzfj091dx86qv8prs_300000gn/T/fm-control-relaunch.S6Lh37/profile-18189/home/state/rl5.git-hooks/post-commit: Permission denied
rm: /private/var/folders/9r/q38jyzfj091dx86qv8prs_300000gn/T/fm-control-relaunch.S6Lh37/profile-18189/home/state/rl5.git-hooks/sendemail-validate: Permission denied
rm: /private/var/folders/9r/q38jyzfj091dx86qv8prs_300000gn/T/fm-control-relaunch.S6Lh37/profile-18189/home/state/rl5.git-hooks/applypatch-msg: Permission denied
rm: /private/var/folders/9r/q38jyzfj091dx86qv8prs_300000gn/T/fm-control-relaunch.S6Lh37/profile-18189/home/state/rl5.git-hooks/prepare-commit-msg: Permission denied
rm: /private/var/folders/9r/q38jyzfj091dx86qv8prs_300000gn/T/fm-control-relaunch.S6Lh37/profile-18189/home/state/rl5.git-hooks/post-checkout: Permission denied
rm: /private/var/folders/9r/q38jyzfj091dx86qv8prs_300000gn/T/fm-control-relaunch.S6Lh37/profile-18189/home/state/rl5.git-hooks/post-applypatch: Permission denied
rm: /private/var/folders/9r/q38jyzfj091dx86qv8prs_300000gn/T/fm-control-relaunch.S6Lh37/profile-18189/home/state/rl5.git-hooks/post-rewrite: Permission denied
rm: /private/var/folders/9r/q38jyzfj091dx86qv8prs_300000gn/T/fm-control-relaunch.S6Lh37/profile-18189/home/state/rl5.git-hooks/commit-msg: Permission denied
rm: /private/var/folders/9r/q38jyzfj091dx86qv8prs_300000gn/T/fm-control-relaunch.S6Lh37/profile-18189/home/state/rl5.git-hooks/pre-push: Permission denied
rm: /private/var/folders/9r/q38jyzfj091dx86qv8prs_300000gn/T/fm-control-relaunch.S6Lh37/profile-18189/home/state/rl5.git-hooks/post-merge: Permission denied
rm: /private/var/folders/9r/q38jyzfj091dx86qv8prs_300000gn/T/fm-control-relaunch.S6Lh37/profile-18189/home/state/rl5.git-hooks/pre-commit: Permission denied
rm: /private/var/folders/9r/q38jyzfj091dx86qv8prs_300000gn/T/fm-control-relaunch.S6Lh37/profile-18189/home/state/rl5.git-hooks: Directory not empty
rm: /private/var/folders/9r/q38jyzfj091dx86qv8prs_300000gn/T/fm-control-relaunch.S6Lh37/profile-18189/home/state: Directory not empty
rm: /private/var/folders/9r/q38jyzfj091dx86qv8prs_300000gn/T/fm-control-relaunch.S6Lh37/profile-18189/home: Directory not empty
rm: /private/var/folders/9r/q38jyzfj091dx86qv8prs_300000gn/T/fm-control-relaunch.S6Lh37/profile-18189: Directory not empty
rm: /private/var/folders/9r/q38jyzfj091dx86qv8prs_300000gn/T/fm-control-relaunch.S6Lh37/smfindrace-8380/home/state/sm6.git-hooks/pre-rebase: Permission denied
rm: /private/var/folders/9r/q38jyzfj091dx86qv8prs_300000gn/T/fm-control-relaunch.S6Lh37/smfindrace-8380/home/state/sm6.git-hooks/pre-applypatch: Permission denied
rm: /private/var/folders/9r/q38jyzfj091dx86qv8prs_300000gn/T/fm-control-relaunch.S6Lh37/smfindrace-8380/home/state/sm6.git-hooks/pre-auto-gc: Permission denied
rm: /private/var/folders/9r/q38jyzfj091dx86qv8prs_300000gn/T/fm-control-relaunch.S6Lh37/smfindrace-8380/home/state/sm6.git-hooks/pre-merge-commit: Permission denied
rm: /private/var/folders/9r/q38jyzfj091dx86qv8prs_300000gn/T/fm-control-relaunch.S6Lh37/smfindrace-8380/home/state/sm6.git-hooks/post-commit: Permission denied
rm: /private/var/folders/9r/q38jyzfj091dx86qv8prs_300000gn/T/fm-control-relaunch.S6Lh37/smfindrace-8380/home/state/sm6.git-hooks/sendemail-validate: Permission denied
rm: /private/var/folders/9r/q38jyzfj091dx86qv8prs_300000gn/T/fm-control-relaunch.S6Lh37/smfindrace-8380/home/state/sm6.git-hooks/applypatch-msg: Permission denied
rm: /private/var/folders/9r/q38jyzfj091dx86qv8prs_300000gn/T/fm-control-relaunch.S6Lh37/smfindrace-8380/home/state/sm6.git-hooks/prepare-commit-msg: Permission denied
rm: /private/var/folders/9r/q38jyzfj091dx86qv8prs_300000gn/T/fm-control-relaunch.S6Lh37/smfindrace-8380/home/state/sm6.git-hooks/post-checkout: Permission denied
rm: /private/var/folders/9r/q38jyzfj091dx86qv8prs_300000gn/T/fm-control-relaunch.S6Lh37/smfindrace-8380/home/state/sm6.git-hooks/post-applypatch: Permission denied
rm: /private/var/folders/9r/q38jyzfj091dx86qv8prs_300000gn/T/fm-control-relaunch.S6Lh37/smfindrace-8380/home/state/sm6.git-hooks/post-rewrite: Permission denied
rm: /private/var/folders/9r/q38jyzfj091dx86qv8prs_300000gn/T/fm-control-relaunch.S6Lh37/smfindrace-8380/home/state/sm6.git-hooks/commit-msg: Permission denied
rm: /private/var/folders/9r/q38jyzfj091dx86qv8prs_300000gn/T/fm-control-relaunch.S6Lh37/smfindrace-8380/home/state/sm6.git-hooks/pre-push: Permission denied
rm: /private/var/folders/9r/q38jyzfj091dx86qv8prs_300000gn/T/fm-control-relaunch.S6Lh37/smfindrace-8380/home/state/sm6.git-hooks/post-merge: Permission denied
rm: /private/var/folders/9r/q38jyzfj091dx86qv8prs_300000gn/T/fm-control-relaunch.S6Lh37/smfindrace-8380/home/state/sm6.git-hooks/pre-commit: Permission denied
rm: /private/var/folders/9r/q38jyzfj091dx86qv8prs_300000gn/T/fm-control-relaunch.S6Lh37/smfindrace-8380/home/state/sm6.git-hooks: Directory not empty
rm: /private/var/folders/9r/q38jyzfj091dx86qv8prs_300000gn/T/fm-control-relaunch.S6Lh37/smfindrace-8380/home/state: Directory not empty
rm: /private/var/folders/9r/q38jyzfj091dx86qv8prs_300000gn/T/fm-control-relaunch.S6Lh37/smfindrace-8380/home: Directory not empty
rm: /private/var/folders/9r/q38jyzfj091dx86qv8prs_300000gn/T/fm-control-relaunch.S6Lh37/smfindrace-8380: Directory not empty
rm: /private/var/folders/9r/q38jyzfj091dx86qv8prs_300000gn/T/fm-control-relaunch.S6Lh37/smpin-198/home/state/sm3.git-hooks/pre-rebase: Permission denied
rm: /private/var/folders/9r/q38jyzfj091dx86qv8prs_300000gn/T/fm-control-relaunch.S6Lh37/smpin-198/home/state/sm3.git-hooks/pre-applypatch: Permission denied
rm: /private/var/folders/9r/q38jyzfj091dx86qv8prs_300000gn/T/fm-control-relaunch.S6Lh37/smpin-198/home/state/sm3.git-hooks/pre-auto-gc: Permission denied
rm: /private/var/folders/9r/q38jyzfj091dx86qv8prs_300000gn/T/fm-control-relaunch.S6Lh37/smpin-198/home/state/sm3.git-hooks/pre-merge-commit: Permission denied
rm: /private/var/folders/9r/q38jyzfj091dx86qv8prs_300000gn/T/fm-control-relaunch.S6Lh37/smpin-198/home/state/sm3.git-hooks/post-commit: Permission denied
rm: /private/var/folders/9r/q38jyzfj091dx86qv8prs_300000gn/T/fm-control-relaunch.S6Lh37/smpin-198/home/state/sm3.git-hooks/sendemail-validate: Permission denied
rm: /private/var/folders/9r/q38jyzfj091dx86qv8prs_300000gn/T/fm-control-relaunch.S6Lh37/smpin-198/home/state/sm3.git-hooks/applypatch-msg: Permission denied
rm: /private/var/folders/9r/q38jyzfj091dx86qv8prs_300000gn/T/fm-control-relaunch.S6Lh37/smpin-198/home/state/sm3.git-hooks/prepare-commit-msg: Permission denied
rm: /private/var/folders/9r/q38jyzfj091dx86qv8prs_300000gn/T/fm-control-relaunch.S6Lh37/smpin-198/home/state/sm3.git-hooks/post-checkout: Permission denied
rm: /private/var/folders/9r/q38jyzfj091dx86qv8prs_300000gn/T/fm-control-relaunch.S6Lh37/smpin-198/home/state/sm3.git-hooks/post-applypatch: Permission denied
rm: /private/var/folders/9r/q38jyzfj091dx86qv8prs_300000gn/T/fm-control-relaunch.S6Lh37/smpin-198/home/state/sm3.git-hooks/post-rewrite: Permission denied
rm: /private/var/folders/9r/q38jyzfj091dx86qv8prs_300000gn/T/fm-control-relaunch.S6Lh37/smpin-198/home/state/sm3.git-hooks/commit-msg: Permission denied
rm: /private/var/folders/9r/q38jyzfj091dx86qv8prs_300000gn/T/fm-control-relaunch.S6Lh37/smpin-198/home/state/sm3.git-hooks/pre-push: Permission denied
rm: /private/var/folders/9r/q38jyzfj091dx86qv8prs_300000gn/T/fm-control-relaunch.S6Lh37/smpin-198/home/state/sm3.git-hooks/post-merge: Permission denied
rm: /private/var/folders/9r/q38jyzfj091dx86qv8prs_300000gn/T/fm-control-relaunch.S6Lh37/smpin-198/home/state/sm3.git-hooks/pre-commit: Permission denied
rm: /private/var/folders/9r/q38jyzfj091dx86qv8prs_300000gn/T/fm-control-relaunch.S6Lh37/smpin-198/home/state/sm3.git-hooks: Directory not empty
rm: /private/var/folders/9r/q38jyzfj091dx86qv8prs_300000gn/T/fm-control-relaunch.S6Lh37/smpin-198/home/state: Directory not empty
rm: /private/var/folders/9r/q38jyzfj091dx86qv8prs_300000gn/T/fm-control-relaunch.S6Lh37/smpin-198/home: Directory not empty
rm: /private/var/folders/9r/q38jyzfj091dx86qv8prs_300000gn/T/fm-control-relaunch.S6Lh37/smpin-198: Directory not empty
rm: /private/var/folders/9r/q38jyzfj091dx86qv8prs_300000gn/T/fm-control-relaunch.S6Lh37/prefixcontrol-12333/home/state/rl32.git-hooks/pre-rebase: Permission denied
rm: /private/var/folders/9r/q38jyzfj091dx86qv8prs_300000gn/T/fm-control-relaunch.S6Lh37/prefixcontrol-12333/home/state/rl32.git-hooks/pre-applypatch: Permission denied
rm: /private/var/folders/9r/q38jyzfj091dx86qv8prs_300000gn/T/fm-control-relaunch.S6Lh37/prefixcontrol-12333/home/state/rl32.git-hooks/pre-auto-gc: Permission denied
rm: /private/var/folders/9r/q38jyzfj091dx86qv8prs_300000gn/T/fm-control-relaunch.S6Lh37/prefixcontrol-12333/home/state/rl32.git-hooks/pre-merge-commit: Permission denied
rm: /private/var/folders/9r/q38jyzfj091dx86qv8prs_300000gn/T/fm-control-relaunch.S6Lh37/prefixcontrol-12333/home/state/rl32.git-hooks/post-commit: Permission denied
rm: /private/var/folders/9r/q38jyzfj091dx86qv8prs_300000gn/T/fm-control-relaunch.S6Lh37/prefixcontrol-12333/home/state/rl32.git-hooks/sendemail-validate: Permission denied
rm: /private/var/folders/9r/q38jyzfj091dx86qv8prs_300000gn/T/fm-control-relaunch.S6Lh37/prefixcontrol-12333/home/state/rl32.git-hooks/applypatch-msg: Permission denied
rm: /private/var/folders/9r/q38jyzfj091dx86qv8prs_300000gn/T/fm-control-relaunch.S6Lh37/prefixcontrol-12333/home/state/rl32.git-hooks/prepare-commit-msg: Permission denied
rm: /private/var/folders/9r/q38jyzfj091dx86qv8prs_300000gn/T/fm-control-relaunch.S6Lh37/prefixcontrol-12333/home/state/rl32.git-hooks/post-checkout: Permission denied
rm: /private/var/folders/9r/q38jyzfj091dx86qv8prs_300000gn/T/fm-control-relaunch.S6Lh37/prefixcontrol-12333/home/state/rl32.git-hooks/post-applypatch: Permission denied
rm: /private/var/folders/9r/q38jyzfj091dx86qv8prs_300000gn/T/fm-control-relaunch.S6Lh37/prefixcontrol-12333/home/state/rl32.git-hooks/post-rewrite: Permission denied
rm: /private/var/folders/9r/q38jyzfj091dx86qv8prs_300000gn/T/fm-control-relaunch.S6Lh37/prefixcontrol-12333/home/state/rl32.git-hooks/commit-msg: Permission denied
rm: /private/var/folders/9r/q38jyzfj091dx86qv8prs_300000gn/T/fm-control-relaunch.S6Lh37/prefixcontrol-12333/home/state/rl32.git-hooks/pre-push: Permission denied
rm: /private/var/folders/9r/q38jyzfj091dx86qv8prs_300000gn/T/fm-control-relaunch.S6Lh37/prefixcontrol-12333/home/state/rl32.git-hooks/post-merge: Permission denied
rm: /private/var/folders/9r/q38jyzfj091dx86qv8prs_300000gn/T/fm-control-relaunch.S6Lh37/prefixcontrol-12333/home/state/rl32.git-hooks/pre-commit: Permission denied
rm: /private/var/folders/9r/q38jyzfj091dx86qv8prs_300000gn/T/fm-control-relaunch.S6Lh37/prefixcontrol-12333/home/state/rl32.git-hooks: Directory not empty
rm: /private/var/folders/9r/q38jyzfj091dx86qv8prs_300000gn/T/fm-control-relaunch.S6Lh37/prefixcontrol-12333/home/state: Directory not empty
rm: /private/var/folders/9r/q38jyzfj091dx86qv8prs_300000gn/T/fm-control-relaunch.S6Lh37/prefixcontrol-12333/home: Directory not empty
rm: /private/var/folders/9r/q38jyzfj091dx86qv8prs_300000gn/T/fm-control-relaunch.S6Lh37/prefixcontrol-12333: Directory not empty
rm: /private/var/folders/9r/q38jyzfj091dx86qv8prs_300000gn/T/fm-control-relaunch.S6Lh37/promotebranch-23348/home/state/rl42.git-hooks/pre-rebase: Permission denied
rm: /private/var/folders/9r/q38jyzfj091dx86qv8prs_300000gn/T/fm-control-relaunch.S6Lh37/promotebranch-23348/home/state/rl42.git-hooks/pre-applypatch: Permission denied
rm: /private/var/folders/9r/q38jyzfj091dx86qv8prs_300000gn/T/fm-control-relaunch.S6Lh37/promotebranch-23348/home/state/rl42.git-hooks/pre-auto-gc: Permission denied
rm: /private/var/folders/9r/q38jyzfj091dx86qv8prs_300000gn/T/fm-control-relaunch.S6Lh37/promotebranch-23348/home/state/rl42.git-hooks/pre-merge-commit: Permission denied
rm: /private/var/folders/9r/q38jyzfj091dx86qv8prs_300000gn/T/fm-control-relaunch.S6Lh37/promotebranch-23348/home/state/rl42.git-hooks/post-commit: Permission denied
rm: /private/var/folders/9r/q38jyzfj091dx86qv8prs_300000gn/T/fm-control-relaunch.S6Lh37/promotebranch-23348/home/state/rl42.git-hooks/sendemail-validate: Permission denied
rm: /private/var/folders/9r/q38jyzfj091dx86qv8prs_300000gn/T/fm-control-relaunch.S6Lh37/promotebranch-23348/home/state/rl42.git-hooks/applypatch-msg: Permission denied
rm: /private/var/folders/9r/q38jyzfj091dx86qv8prs_300000gn/T/fm-control-relaunch.S6Lh37/promotebranch-23348/home/state/rl42.git-hooks/prepare-commit-msg: Permission denied
rm: /private/var/folders/9r/q38jyzfj091dx86qv8prs_300000gn/T/fm-control-relaunch.S6Lh37/promotebranch-23348/home/state/rl42.git-hooks/post-checkout: Permission denied
rm: /private/var/folders/9r/q38jyzfj091dx86qv8prs_300000gn/T/fm-control-relaunch.S6Lh37/promotebranch-23348/home/state/rl42.git-hooks/post-applypatch: Permission denied
rm: /private/var/folders/9r/q38jyzfj091dx86qv8prs_300000gn/T/fm-control-relaunch.S6Lh37/promotebranch-23348/home/state/rl42.git-hooks/post-rewrite: Permission denied
rm: /private/var/folders/9r/q38jyzfj091dx86qv8prs_300000gn/T/fm-control-relaunch.S6Lh37/promotebranch-23348/home/state/rl42.git-hooks/commit-msg: Permission denied
rm: /private/var/folders/9r/q38jyzfj091dx86qv8prs_300000gn/T/fm-control-relaunch.S6Lh37/promotebranch-23348/home/state/rl42.git-hooks/pre-push: Permission denied
rm: /private/var/folders/9r/q38jyzfj091dx86qv8prs_300000gn/T/fm-control-relaunch.S6Lh37/promotebranch-23348/home/state/rl42.git-hooks/post-merge: Permission denied
rm: /private/var/folders/9r/q38jyzfj091dx86qv8prs_300000gn/T/fm-control-relaunch.S6Lh37/promotebranch-23348/home/state/rl42.git-hooks/pre-commit: Permission denied
rm: /private/var/folders/9r/q38jyzfj091dx86qv8prs_300000gn/T/fm-control-relaunch.S6Lh37/promotebranch-23348/home/state/rl42.git-hooks: Directory not empty
rm: /private/var/folders/9r/q38jyzfj091dx86qv8prs_300000gn/T/fm-control-relaunch.S6Lh37/promotebranch-23348/home/state: Directory not empty
rm: /private/var/folders/9r/q38jyzfj091dx86qv8prs_300000gn/T/fm-control-relaunch.S6Lh37/promotebranch-23348/home: Directory not empty
rm: /private/var/folders/9r/q38jyzfj091dx86qv8prs_300000gn/T/fm-control-relaunch.S6Lh37/promotebranch-23348: Directory not empty
rm: /private/var/folders/9r/q38jyzfj091dx86qv8prs_300000gn/T/fm-control-relaunch.S6Lh37/prefixwiring-9683/home/state/rl30.git-hooks/pre-rebase: Permission denied
rm: /private/var/folders/9r/q38jyzfj091dx86qv8prs_300000gn/T/fm-control-relaunch.S6Lh37/prefixwiring-9683/home/state/rl30.git-hooks/pre-applypatch: Permission denied
rm: /private/var/folders/9r/q38jyzfj091dx86qv8prs_300000gn/T/fm-control-relaunch.S6Lh37/prefixwiring-9683/home/state/rl30.git-hooks/pre-auto-gc: Permission denied
rm: /private/var/folders/9r/q38jyzfj091dx86qv8prs_300000gn/T/fm-control-relaunch.S6Lh37/prefixwiring-9683/home/state/rl30.git-hooks/pre-merge-commit: Permission denied
rm: /private/var/folders/9r/q38jyzfj091dx86qv8prs_300000gn/T/fm-control-relaunch.S6Lh37/prefixwiring-9683/home/state/rl30.git-hooks/post-commit: Permission denied
rm: /private/var/folders/9r/q38jyzfj091dx86qv8prs_300000gn/T/fm-control-relaunch.S6Lh37/prefixwiring-9683/home/state/rl30.git-hooks/sendemail-validate: Permission denied
rm: /private/var/folders/9r/q38jyzfj091dx86qv8prs_300000gn/T/fm-control-relaunch.S6Lh37/prefixwiring-9683/home/state/rl30.git-hooks/applypatch-msg: Permission denied
rm: /private/var/folders/9r/q38jyzfj091dx86qv8prs_300000gn/T/fm-control-relaunch.S6Lh37/prefixwiring-9683/home/state/rl30.git-hooks/prepare-commit-msg: Permission denied
rm: /private/var/folders/9r/q38jyzfj091dx86qv8prs_300000gn/T/fm-control-relaunch.S6Lh37/prefixwiring-9683/home/state/rl30.git-hooks/post-checkout: Permission denied
rm: /private/var/folders/9r/q38jyzfj091dx86qv8prs_300000gn/T/fm-control-relaunch.S6Lh37/prefixwiring-9683/home/state/rl30.git-hooks/post-applypatch: Permission denied
rm: /private/var/folders/9r/q38jyzfj091dx86qv8prs_300000gn/T/fm-control-relaunch.S6Lh37/prefixwiring-9683/home/state/rl30.git-hooks/post-rewrite: Permission denied
rm: /private/var/folders/9r/q38jyzfj091dx86qv8prs_300000gn/T/fm-control-relaunch.S6Lh37/prefixwiring-9683/home/state/rl30.git-hooks/commit-msg: Permission denied
rm: /private/var/folders/9r/q38jyzfj091dx86qv8prs_300000gn/T/fm-control-relaunch.S6Lh37/prefixwiring-9683/home/state/rl30.git-hooks/pre-push: Permission denied
rm: /private/var/folders/9r/q38jyzfj091dx86qv8prs_300000gn/T/fm-control-relaunch.S6Lh37/prefixwiring-9683/home/state/rl30.git-hooks/post-merge: Permission denied
rm: /private/var/folders/9r/q38jyzfj091dx86qv8prs_300000gn/T/fm-control-relaunch.S6Lh37/prefixwiring-9683/home/state/rl30.git-hooks/pre-commit: Permission denied
rm: /private/var/folders/9r/q38jyzfj091dx86qv8prs_300000gn/T/fm-control-relaunch.S6Lh37/prefixwiring-9683/home/state/rl30.git-hooks: Directory not empty
rm: /private/var/folders/9r/q38jyzfj091dx86qv8prs_300000gn/T/fm-control-relaunch.S6Lh37/prefixwiring-9683/home/state: Directory not empty
rm: /private/var/folders/9r/q38jyzfj091dx86qv8prs_300000gn/T/fm-control-relaunch.S6Lh37/prefixwiring-9683/home: Directory not empty
rm: /private/var/folders/9r/q38jyzfj091dx86qv8prs_300000gn/T/fm-control-relaunch.S6Lh37/prefixwiring-9683: Directory not empty
rm: /private/var/folders/9r/q38jyzfj091dx86qv8prs_300000gn/T/fm-control-relaunch.S6Lh37/gone-herdr-pin-13786/home/state/rl73.git-hooks/pre-rebase: Permission denied
rm: /private/var/folders/9r/q38jyzfj091dx86qv8prs_300000gn/T/fm-control-relaunch.S6Lh37/gone-herdr-pin-13786/home/state/rl73.git-hooks/pre-applypatch: Permission denied
rm: /private/var/folders/9r/q38jyzfj091dx86qv8prs_300000gn/T/fm-control-relaunch.S6Lh37/gone-herdr-pin-13786/home/state/rl73.git-hooks/pre-auto-gc: Permission denied
rm: /private/var/folders/9r/q38jyzfj091dx86qv8prs_300000gn/T/fm-control-relaunch.S6Lh37/gone-herdr-pin-13786/home/state/rl73.git-hooks/pre-merge-commit: Permission denied
rm: /private/var/folders/9r/q38jyzfj091dx86qv8prs_300000gn/T/fm-control-relaunch.S6Lh37/gone-herdr-pin-13786/home/state/rl73.git-hooks/post-commit: Permission denied
rm: /private/var/folders/9r/q38jyzfj091dx86qv8prs_300000gn/T/fm-control-relaunch.S6Lh37/gone-herdr-pin-13786/home/state/rl73.git-hooks/sendemail-validate: Permission denied
rm: /private/var/folders/9r/q38jyzfj091dx86qv8prs_300000gn/T/fm-control-relaunch.S6Lh37/gone-herdr-pin-13786/home/state/rl73.git-hooks/applypatch-msg: Permission denied
rm: /private/var/folders/9r/q38jyzfj091dx86qv8prs_300000gn/T/fm-control-relaunch.S6Lh37/gone-herdr-pin-13786/home/state/rl73.git-hooks/prepare-commit-msg: Permission denied
rm: /private/var/folders/9r/q38jyzfj091dx86qv8prs_300000gn/T/fm-control-relaunch.S6Lh37/gone-herdr-pin-13786/home/state/rl73.git-hooks/post-checkout: Permission denied
rm: /private/var/folders/9r/q38jyzfj091dx86qv8prs_300000gn/T/fm-control-relaunch.S6Lh37/gone-herdr-pin-13786/home/state/rl73.git-hooks/post-applypatch: Permission denied
rm: /private/var/folders/9r/q38jyzfj091dx86qv8prs_300000gn/T/fm-control-relaunch.S6Lh37/gone-herdr-pin-13786/home/state/rl73.git-hooks/post-rewrite: Permission denied
rm: /private/var/folders/9r/q38jyzfj091dx86qv8prs_300000gn/T/fm-control-relaunch.S6Lh37/gone-herdr-pin-13786/home/state/rl73.git-hooks/commit-msg: Permission denied
rm: /private/var/folders/9r/q38jyzfj091dx86qv8prs_300000gn/T/fm-control-relaunch.S6Lh37/gone-herdr-pin-13786/home/state/rl73.git-hooks/pre-push: Permission denied
rm: /private/var/folders/9r/q38jyzfj091dx86qv8prs_300000gn/T/fm-control-relaunch.S6Lh37/gone-herdr-pin-13786/home/state/rl73.git-hooks/post-merge: Permission denied
rm: /private/var/folders/9r/q38jyzfj091dx86qv8prs_300000gn/T/fm-control-relaunch.S6Lh37/gone-herdr-pin-13786/home/state/rl73.git-hooks/pre-commit: Permission denied
rm: /private/var/folders/9r/q38jyzfj091dx86qv8prs_300000gn/T/fm-control-relaunch.S6Lh37/gone-herdr-pin-13786/home/state/rl73.git-hooks: Directory not empty
rm: /private/var/folders/9r/q38jyzfj091dx86qv8prs_300000gn/T/fm-control-relaunch.S6Lh37/gone-herdr-pin-13786/home/state: Directory not empty
rm: /private/var/folders/9r/q38jyzfj091dx86qv8prs_300000gn/T/fm-control-relaunch.S6Lh37/gone-herdr-pin-13786/home: Directory not empty
rm: /private/var/folders/9r/q38jyzfj091dx86qv8prs_300000gn/T/fm-control-relaunch.S6Lh37/gone-herdr-pin-13786: Directory not empty
rm: /private/var/folders/9r/q38jyzfj091dx86qv8prs_300000gn/T/fm-control-relaunch.S6Lh37/note-1958/home/state/rl2.git-hooks/pre-rebase: Permission denied
rm: /private/var/folders/9r/q38jyzfj091dx86qv8prs_300000gn/T/fm-control-relaunch.S6Lh37/note-1958/home/state/rl2.git-hooks/pre-applypatch: Permission denied
rm: /private/var/folders/9r/q38jyzfj091dx86qv8prs_300000gn/T/fm-control-relaunch.S6Lh37/note-1958/home/state/rl2.git-hooks/pre-auto-gc: Permission denied
rm: /private/var/folders/9r/q38jyzfj091dx86qv8prs_300000gn/T/fm-control-relaunch.S6Lh37/note-1958/home/state/rl2.git-hooks/pre-merge-commit: Permission denied
rm: /private/var/folders/9r/q38jyzfj091dx86qv8prs_300000gn/T/fm-control-relaunch.S6Lh37/note-1958/home/state/rl2.git-hooks/post-commit: Permission denied
rm: /private/var/folders/9r/q38jyzfj091dx86qv8prs_300000gn/T/fm-control-relaunch.S6Lh37/note-1958/home/state/rl2.git-hooks/sendemail-validate: Permission denied
rm: /private/var/folders/9r/q38jyzfj091dx86qv8prs_300000gn/T/fm-control-relaunch.S6Lh37/note-1958/home/state/rl2.git-hooks/applypatch-msg: Permission denied
rm: /private/var/folders/9r/q38jyzfj091dx86qv8prs_300000gn/T/fm-control-relaunch.S6Lh37/note-1958/home/state/rl2.git-hooks/prepare-commit-msg: Permission denied
rm: /private/var/folders/9r/q38jyzfj091dx86qv8prs_300000gn/T/fm-control-relaunch.S6Lh37/note-1958/home/state/rl2.git-hooks/post-checkout: Permission denied
rm: /private/var/folders/9r/q38jyzfj091dx86qv8prs_300000gn/T/fm-control-relaunch.S6Lh37/note-1958/home/state/rl2.git-hooks/post-applypatch: Permission denied
rm: /private/var/folders/9r/q38jyzfj091dx86qv8prs_300000gn/T/fm-control-relaunch.S6Lh37/note-1958/home/state/rl2.git-hooks/post-rewrite: Permission denied
rm: /private/var/folders/9r/q38jyzfj091dx86qv8prs_300000gn/T/fm-control-relaunch.S6Lh37/note-1958/home/state/rl2.git-hooks/commit-msg: Permission denied
rm: /private/var/folders/9r/q38jyzfj091dx86qv8prs_300000gn/T/fm-control-relaunch.S6Lh37/note-1958/home/state/rl2.git-hooks/pre-push: Permission denied
rm: /private/var/folders/9r/q38jyzfj091dx86qv8prs_300000gn/T/fm-control-relaunch.S6Lh37/note-1958/home/state/rl2.git-hooks/post-merge: Permission denied
rm: /private/var/folders/9r/q38jyzfj091dx86qv8prs_300000gn/T/fm-control-relaunch.S6Lh37/note-1958/home/state/rl2.git-hooks/pre-commit: Permission denied
rm: /private/var/folders/9r/q38jyzfj091dx86qv8prs_300000gn/T/fm-control-relaunch.S6Lh37/note-1958/home/state/rl2.git-hooks: Directory not empty
rm: /private/var/folders/9r/q38jyzfj091dx86qv8prs_300000gn/T/fm-control-relaunch.S6Lh37/note-1958/home/state: Directory not empty
rm: /private/var/folders/9r/q38jyzfj091dx86qv8prs_300000gn/T/fm-control-relaunch.S6Lh37/note-1958/home: Directory not empty
rm: /private/var/folders/9r/q38jyzfj091dx86qv8prs_300000gn/T/fm-control-relaunch.S6Lh37/note-1958: Directory not empty
rm: /private/var/folders/9r/q38jyzfj091dx86qv8prs_300000gn/T/fm-control-relaunch.S6Lh37/spawnharness-7418/home/state/rl21.git-hooks/pre-rebase: Permission denied
rm: /private/var/folders/9r/q38jyzfj091dx86qv8prs_300000gn/T/fm-control-relaunch.S6Lh37/spawnharness-7418/home/state/rl21.git-hooks/pre-applypatch: Permission denied
rm: /private/var/folders/9r/q38jyzfj091dx86qv8prs_300000gn/T/fm-control-relaunch.S6Lh37/spawnharness-7418/home/state/rl21.git-hooks/pre-auto-gc: Permission denied
rm: /private/var/folders/9r/q38jyzfj091dx86qv8prs_300000gn/T/fm-control-relaunch.S6Lh37/spawnharness-7418/home/state/rl21.git-hooks/pre-merge-commit: Permission denied
rm: /private/var/folders/9r/q38jyzfj091dx86qv8prs_300000gn/T/fm-control-relaunch.S6Lh37/spawnharness-7418/home/state/rl21.git-hooks/post-commit: Permission denied
rm: /private/var/folders/9r/q38jyzfj091dx86qv8prs_300000gn/T/fm-control-relaunch.S6Lh37/spawnharness-7418/home/state/rl21.git-hooks/sendemail-validate: Permission denied
rm: /private/var/folders/9r/q38jyzfj091dx86qv8prs_300000gn/T/fm-control-relaunch.S6Lh37/spawnharness-7418/home/state/rl21.git-hooks/applypatch-msg: Permission denied
rm: /private/var/folders/9r/q38jyzfj091dx86qv8prs_300000gn/T/fm-control-relaunch.S6Lh37/spawnharness-7418/home/state/rl21.git-hooks/prepare-commit-msg: Permission denied
rm: /private/var/folders/9r/q38jyzfj091dx86qv8prs_300000gn/T/fm-control-relaunch.S6Lh37/spawnharness-7418/home/state/rl21.git-hooks/post-checkout: Permission denied
rm: /private/var/folders/9r/q38jyzfj091dx86qv8prs_300000gn/T/fm-control-relaunch.S6Lh37/spawnharness-7418/home/state/rl21.git-hooks/post-applypatch: Permission denied
rm: /private/var/folders/9r/q38jyzfj091dx86qv8prs_300000gn/T/fm-control-relaunch.S6Lh37/spawnharness-7418/home/state/rl21.git-hooks/post-rewrite: Permission denied
rm: /private/var/folders/9r/q38jyzfj091dx86qv8prs_300000gn/T/fm-control-relaunch.S6Lh37/spawnharness-7418/home/state/rl21.git-hooks/commit-msg: Permission denied
rm: /private/var/folders/9r/q38jyzfj091dx86qv8prs_300000gn/T/fm-control-relaunch.S6Lh37/spawnharness-7418/home/state/rl21.git-hooks/pre-push: Permission denied
rm: /private/var/folders/9r/q38jyzfj091dx86qv8prs_300000gn/T/fm-control-relaunch.S6Lh37/spawnharness-7418/home/state/rl21.git-hooks/post-merge: Permission denied
rm: /private/var/folders/9r/q38jyzfj091dx86qv8prs_300000gn/T/fm-control-relaunch.S6Lh37/spawnharness-7418/home/state/rl21.git-hooks/pre-commit: Permission denied
rm: /private/var/folders/9r/q38jyzfj091dx86qv8prs_300000gn/T/fm-control-relaunch.S6Lh37/spawnharness-7418/home/state/rl21.git-hooks: Directory not empty
rm: /private/var/folders/9r/q38jyzfj091dx86qv8prs_300000gn/T/fm-control-relaunch.S6Lh37/spawnharness-7418/home/state: Directory not empty
rm: /private/var/folders/9r/q38jyzfj091dx86qv8prs_300000gn/T/fm-control-relaunch.S6Lh37/spawnharness-7418/home: Directory not empty
rm: /private/var/folders/9r/q38jyzfj091dx86qv8prs_300000gn/T/fm-control-relaunch.S6Lh37/spawnharness-7418: Directory not empty
rm: /private/var/folders/9r/q38jyzfj091dx86qv8prs_300000gn/T/fm-control-relaunch.S6Lh37/sm-13342/home/state/sm1.git-hooks/pre-rebase: Permission denied
rm: /private/var/folders/9r/q38jyzfj091dx86qv8prs_300000gn/T/fm-control-relaunch.S6Lh37/sm-13342/home/state/sm1.git-hooks/pre-applypatch: Permission denied
rm: /private/var/folders/9r/q38jyzfj091dx86qv8prs_300000gn/T/fm-control-relaunch.S6Lh37/sm-13342/home/state/sm1.git-hooks/pre-auto-gc: Permission denied
rm: /private/var/folders/9r/q38jyzfj091dx86qv8prs_300000gn/T/fm-control-relaunch.S6Lh37/sm-13342/home/state/sm1.git-hooks/pre-merge-commit: Permission denied
rm: /private/var/folders/9r/q38jyzfj091dx86qv8prs_300000gn/T/fm-control-relaunch.S6Lh37/sm-13342/home/state/sm1.git-hooks/post-commit: Permission denied
rm: /private/var/folders/9r/q38jyzfj091dx86qv8prs_300000gn/T/fm-control-relaunch.S6Lh37/sm-13342/home/state/sm1.git-hooks/sendemail-validate: Permission denied
rm: /private/var/folders/9r/q38jyzfj091dx86qv8prs_300000gn/T/fm-control-relaunch.S6Lh37/sm-13342/home/state/sm1.git-hooks/applypatch-msg: Permission denied
rm: /private/var/folders/9r/q38jyzfj091dx86qv8prs_300000gn/T/fm-control-relaunch.S6Lh37/sm-13342/home/state/sm1.git-hooks/prepare-commit-msg: Permission denied
rm: /private/var/folders/9r/q38jyzfj091dx86qv8prs_300000gn/T/fm-control-relaunch.S6Lh37/sm-13342/home/state/sm1.git-hooks/post-checkout: Permission denied
rm: /private/var/folders/9r/q38jyzfj091dx86qv8prs_300000gn/T/fm-control-relaunch.S6Lh37/sm-13342/home/state/sm1.git-hooks/post-applypatch: Permission denied
rm: /private/var/folders/9r/q38jyzfj091dx86qv8prs_300000gn/T/fm-control-relaunch.S6Lh37/sm-13342/home/state/sm1.git-hooks/post-rewrite: Permission denied
rm: /private/var/folders/9r/q38jyzfj091dx86qv8prs_300000gn/T/fm-control-relaunch.S6Lh37/sm-13342/home/state/sm1.git-hooks/commit-msg: Permission denied
rm: /private/var/folders/9r/q38jyzfj091dx86qv8prs_300000gn/T/fm-control-relaunch.S6Lh37/sm-13342/home/state/sm1.git-hooks/pre-push: Permission denied
rm: /private/var/folders/9r/q38jyzfj091dx86qv8prs_300000gn/T/fm-control-relaunch.S6Lh37/sm-13342/home/state/sm1.git-hooks/post-merge: Permission denied
rm: /private/var/folders/9r/q38jyzfj091dx86qv8prs_300000gn/T/fm-control-relaunch.S6Lh37/sm-13342/home/state/sm1.git-hooks/pre-commit: Permission denied
rm: /private/var/folders/9r/q38jyzfj091dx86qv8prs_300000gn/T/fm-control-relaunch.S6Lh37/sm-13342/home/state/sm1.git-hooks: Directory not empty
rm: /private/var/folders/9r/q38jyzfj091dx86qv8prs_300000gn/T/fm-control-relaunch.S6Lh37/sm-13342/home/state: Directory not empty
rm: /private/var/folders/9r/q38jyzfj091dx86qv8prs_300000gn/T/fm-control-relaunch.S6Lh37/sm-13342/home: Directory not empty
rm: /private/var/folders/9r/q38jyzfj091dx86qv8prs_300000gn/T/fm-control-relaunch.S6Lh37/sm-13342: Directory not empty
rm: /private/var/folders/9r/q38jyzfj091dx86qv8prs_300000gn/T/fm-control-relaunch.S6Lh37/gone-herdr-4656/home/state/rl68.git-hooks/pre-rebase: Permission denied
rm: /private/var/folders/9r/q38jyzfj091dx86qv8prs_300000gn/T/fm-control-relaunch.S6Lh37/gone-herdr-4656/home/state/rl68.git-hooks/pre-applypatch: Permission denied
rm: /private/var/folders/9r/q38jyzfj091dx86qv8prs_300000gn/T/fm-control-relaunch.S6Lh37/gone-herdr-4656/home/state/rl68.git-hooks/pre-auto-gc: Permission denied
rm: /private/var/folders/9r/q38jyzfj091dx86qv8prs_300000gn/T/fm-control-relaunch.S6Lh37/gone-herdr-4656/home/state/rl68.git-hooks/pre-merge-commit: Permission denied
rm: /private/var/folders/9r/q38jyzfj091dx86qv8prs_300000gn/T/fm-control-relaunch.S6Lh37/gone-herdr-4656/home/state/rl68.git-hooks/post-commit: Permission denied
rm: /private/var/folders/9r/q38jyzfj091dx86qv8prs_300000gn/T/fm-control-relaunch.S6Lh37/gone-herdr-4656/home/state/rl68.git-hooks/sendemail-validate: Permission denied
rm: /private/var/folders/9r/q38jyzfj091dx86qv8prs_300000gn/T/fm-control-relaunch.S6Lh37/gone-herdr-4656/home/state/rl68.git-hooks/applypatch-msg: Permission denied
rm: /private/var/folders/9r/q38jyzfj091dx86qv8prs_300000gn/T/fm-control-relaunch.S6Lh37/gone-herdr-4656/home/state/rl68.git-hooks/prepare-commit-msg: Permission denied
rm: /private/var/folders/9r/q38jyzfj091dx86qv8prs_300000gn/T/fm-control-relaunch.S6Lh37/gone-herdr-4656/home/state/rl68.git-hooks/post-checkout: Permission denied
rm: /private/var/folders/9r/q38jyzfj091dx86qv8prs_300000gn/T/fm-control-relaunch.S6Lh37/gone-herdr-4656/home/state/rl68.git-hooks/post-applypatch: Permission denied
rm: /private/var/folders/9r/q38jyzfj091dx86qv8prs_300000gn/T/fm-control-relaunch.S6Lh37/gone-herdr-4656/home/state/rl68.git-hooks/post-rewrite: Permission denied
rm: /private/var/folders/9r/q38jyzfj091dx86qv8prs_300000gn/T/fm-control-relaunch.S6Lh37/gone-herdr-4656/home/state/rl68.git-hooks/commit-msg: Permission denied
rm: /private/var/folders/9r/q38jyzfj091dx86qv8prs_300000gn/T/fm-control-relaunch.S6Lh37/gone-herdr-4656/home/state/rl68.git-hooks/pre-push: Permission denied
rm: /private/var/folders/9r/q38jyzfj091dx86qv8prs_300000gn/T/fm-control-relaunch.S6Lh37/gone-herdr-4656/home/state/rl68.git-hooks/post-merge: Permission denied
rm: /private/var/folders/9r/q38jyzfj091dx86qv8prs_300000gn/T/fm-control-relaunch.S6Lh37/gone-herdr-4656/home/state/rl68.git-hooks/pre-commit: Permission denied
rm: /private/var/folders/9r/q38jyzfj091dx86qv8prs_300000gn/T/fm-control-relaunch.S6Lh37/gone-herdr-4656/home/state/rl68.git-hooks: Directory not empty
rm: /private/var/folders/9r/q38jyzfj091dx86qv8prs_300000gn/T/fm-control-relaunch.S6Lh37/gone-herdr-4656/home/state: Directory not empty
rm: /private/var/folders/9r/q38jyzfj091dx86qv8prs_300000gn/T/fm-control-relaunch.S6Lh37/gone-herdr-4656/home: Directory not empty
rm: /private/var/folders/9r/q38jyzfj091dx86qv8prs_300000gn/T/fm-control-relaunch.S6Lh37/gone-herdr-4656: Directory not empty
rm: /private/var/folders/9r/q38jyzfj091dx86qv8prs_300000gn/T/fm-control-relaunch.S6Lh37/durable-meta-23604/home/state/rl19.git-hooks/pre-rebase: Permission denied
rm: /private/var/folders/9r/q38jyzfj091dx86qv8prs_300000gn/T/fm-control-relaunch.S6Lh37/durable-meta-23604/home/state/rl19.git-hooks/pre-applypatch: Permission denied
rm: /private/var/folders/9r/q38jyzfj091dx86qv8prs_300000gn/T/fm-control-relaunch.S6Lh37/durable-meta-23604/home/state/rl19.git-hooks/pre-auto-gc: Permission denied
rm: /private/var/folders/9r/q38jyzfj091dx86qv8prs_300000gn/T/fm-control-relaunch.S6Lh37/durable-meta-23604/home/state/rl19.git-hooks/pre-merge-commit: Permission denied
rm: /private/var/folders/9r/q38jyzfj091dx86qv8prs_300000gn/T/fm-control-relaunch.S6Lh37/durable-meta-23604/home/state/rl19.git-hooks/post-commit: Permission denied
rm: /private/var/folders/9r/q38jyzfj091dx86qv8prs_300000gn/T/fm-control-relaunch.S6Lh37/durable-meta-23604/home/state/rl19.git-hooks/sendemail-validate: Permission denied
rm: /private/var/folders/9r/q38jyzfj091dx86qv8prs_300000gn/T/fm-control-relaunch.S6Lh37/durable-meta-23604/home/state/rl19.git-hooks/applypatch-msg: Permission denied
rm: /private/var/folders/9r/q38jyzfj091dx86qv8prs_300000gn/T/fm-control-relaunch.S6Lh37/durable-meta-23604/home/state/rl19.git-hooks/prepare-commit-msg: Permission denied
rm: /private/var/folders/9r/q38jyzfj091dx86qv8prs_300000gn/T/fm-control-relaunch.S6Lh37/durable-meta-23604/home/state/rl19.git-hooks/post-checkout: Permission denied
rm: /private/var/folders/9r/q38jyzfj091dx86qv8prs_300000gn/T/fm-control-relaunch.S6Lh37/durable-meta-23604/home/state/rl19.git-hooks/post-applypatch: Permission denied
rm: /private/var/folders/9r/q38jyzfj091dx86qv8prs_300000gn/T/fm-control-relaunch.S6Lh37/durable-meta-23604/home/state/rl19.git-hooks/post-rewrite: Permission denied
rm: /private/var/folders/9r/q38jyzfj091dx86qv8prs_300000gn/T/fm-control-relaunch.S6Lh37/durable-meta-23604/home/state/rl19.git-hooks/commit-msg: Permission denied
rm: /private/var/folders/9r/q38jyzfj091dx86qv8prs_300000gn/T/fm-control-relaunch.S6Lh37/durable-meta-23604/home/state/rl19.git-hooks/pre-push: Permission denied
rm: /private/var/folders/9r/q38jyzfj091dx86qv8prs_300000gn/T/fm-control-relaunch.S6Lh37/durable-meta-23604/home/state/rl19.git-hooks/post-merge: Permission denied
rm: /private/var/folders/9r/q38jyzfj091dx86qv8prs_300000gn/T/fm-control-relaunch.S6Lh37/durable-meta-23604/home/state/rl19.git-hooks/pre-commit: Permission denied
rm: /private/var/folders/9r/q38jyzfj091dx86qv8prs_300000gn/T/fm-control-relaunch.S6Lh37/durable-meta-23604/home/state/rl19.git-hooks: Directory not empty
rm: /private/var/folders/9r/q38jyzfj091dx86qv8prs_300000gn/T/fm-control-relaunch.S6Lh37/durable-meta-23604/home/state: Directory not empty
rm: /private/var/folders/9r/q38jyzfj091dx86qv8prs_300000gn/T/fm-control-relaunch.S6Lh37/durable-meta-23604/home: Directory not empty
rm: /private/var/folders/9r/q38jyzfj091dx86qv8prs_300000gn/T/fm-control-relaunch.S6Lh37/durable-meta-23604: Directory not empty
rm: /private/var/folders/9r/q38jyzfj091dx86qv8prs_300000gn/T/fm-control-relaunch.S6Lh37/promoted-scout-local-only-5877/home/state/rl-promoted-local-only.git-hooks/pre-rebase: Permission denied
rm: /private/var/folders/9r/q38jyzfj091dx86qv8prs_300000gn/T/fm-control-relaunch.S6Lh37/promoted-scout-local-only-5877/home/state/rl-promoted-local-only.git-hooks/pre-applypatch: Permission denied
rm: /private/var/folders/9r/q38jyzfj091dx86qv8prs_300000gn/T/fm-control-relaunch.S6Lh37/promoted-scout-local-only-5877/home/state/rl-promoted-local-only.git-hooks/pre-auto-gc: Permission denied
rm: /private/var/folders/9r/q38jyzfj091dx86qv8prs_300000gn/T/fm-control-relaunch.S6Lh37/promoted-scout-local-only-5877/home/state/rl-promoted-local-only.git-hooks/pre-merge-commit: Permission denied
rm: /private/var/folders/9r/q38jyzfj091dx86qv8prs_300000gn/T/fm-control-relaunch.S6Lh37/promoted-scout-local-only-5877/home/state/rl-promoted-local-only.git-hooks/post-commit: Permission denied
rm: /private/var/folders/9r/q38jyzfj091dx86qv8prs_300000gn/T/fm-control-relaunch.S6Lh37/promoted-scout-local-only-5877/home/state/rl-promoted-local-only.git-hooks/sendemail-validate: Permission denied
rm: /private/var/folders/9r/q38jyzfj091dx86qv8prs_300000gn/T/fm-control-relaunch.S6Lh37/promoted-scout-local-only-5877/home/state/rl-promoted-local-only.git-hooks/applypatch-msg: Permission denied
rm: /private/var/folders/9r/q38jyzfj091dx86qv8prs_300000gn/T/fm-control-relaunch.S6Lh37/promoted-scout-local-only-5877/home/state/rl-promoted-local-only.git-hooks/prepare-commit-msg: Permission denied
rm: /private/var/folders/9r/q38jyzfj091dx86qv8prs_300000gn/T/fm-control-relaunch.S6Lh37/promoted-scout-local-only-5877/home/state/rl-promoted-local-only.git-hooks/post-checkout: Permission denied
rm: /private/var/folders/9r/q38jyzfj091dx86qv8prs_300000gn/T/fm-control-relaunch.S6Lh37/promoted-scout-local-only-5877/home/state/rl-promoted-local-only.git-hooks/post-applypatch: Permission denied
rm: /private/var/folders/9r/q38jyzfj091dx86qv8prs_300000gn/T/fm-control-relaunch.S6Lh37/promoted-scout-local-only-5877/home/state/rl-promoted-local-only.git-hooks/post-rewrite: Permission denied
rm: /private/var/folders/9r/q38jyzfj091dx86qv8prs_300000gn/T/fm-control-relaunch.S6Lh37/promoted-scout-local-only-5877/home/state/rl-promoted-local-only.git-hooks/commit-msg: Permission denied
rm: /private/var/folders/9r/q38jyzfj091dx86qv8prs_300000gn/T/fm-control-relaunch.S6Lh37/promoted-scout-local-only-5877/home/state/rl-promoted-local-only.git-hooks/pre-push: Permission denied
rm: /private/var/folders/9r/q38jyzfj091dx86qv8prs_300000gn/T/fm-control-relaunch.S6Lh37/promoted-scout-local-only-5877/home/state/rl-promoted-local-only.git-hooks/post-merge: Permission denied
rm: /private/var/folders/9r/q38jyzfj091dx86qv8prs_300000gn/T/fm-control-relaunch.S6Lh37/promoted-scout-local-only-5877/home/state/rl-promoted-local-only.git-hooks/pre-commit: Permission denied
rm: /private/var/folders/9r/q38jyzfj091dx86qv8prs_300000gn/T/fm-control-relaunch.S6Lh37/promoted-scout-local-only-5877/home/state/rl-promoted-local-only.git-hooks: Directory not empty
rm: /private/var/folders/9r/q38jyzfj091dx86qv8prs_300000gn/T/fm-control-relaunch.S6Lh37/promoted-scout-local-only-5877/home/state: Directory not empty
rm: /private/var/folders/9r/q38jyzfj091dx86qv8prs_300000gn/T/fm-control-relaunch.S6Lh37/promoted-scout-local-only-5877/home: Directory not empty
rm: /private/var/folders/9r/q38jyzfj091dx86qv8prs_300000gn/T/fm-control-relaunch.S6Lh37/promoted-scout-local-only-5877: Directory not empty
rm: /private/var/folders/9r/q38jyzfj091dx86qv8prs_300000gn/T/fm-control-relaunch.S6Lh37/same-26218/home/state/rl1.git-hooks/pre-rebase: Permission denied
rm: /private/var/folders/9r/q38jyzfj091dx86qv8prs_300000gn/T/fm-control-relaunch.S6Lh37/same-26218/home/state/rl1.git-hooks/pre-applypatch: Permission denied
rm: /private/var/folders/9r/q38jyzfj091dx86qv8prs_300000gn/T/fm-control-relaunch.S6Lh37/same-26218/home/state/rl1.git-hooks/pre-auto-gc: Permission denied
rm: /private/var/folders/9r/q38jyzfj091dx86qv8prs_300000gn/T/fm-control-relaunch.S6Lh37/same-26218/home/state/rl1.git-hooks/pre-merge-commit: Permission denied
rm: /private/var/folders/9r/q38jyzfj091dx86qv8prs_300000gn/T/fm-control-relaunch.S6Lh37/same-26218/home/state/rl1.git-hooks/post-commit: Permission denied
rm: /private/var/folders/9r/q38jyzfj091dx86qv8prs_300000gn/T/fm-control-relaunch.S6Lh37/same-26218/home/state/rl1.git-hooks/sendemail-validate: Permission denied
rm: /private/var/folders/9r/q38jyzfj091dx86qv8prs_300000gn/T/fm-control-relaunch.S6Lh37/same-26218/home/state/rl1.git-hooks/applypatch-msg: Permission denied
rm: /private/var/folders/9r/q38jyzfj091dx86qv8prs_300000gn/T/fm-control-relaunch.S6Lh37/same-26218/home/state/rl1.git-hooks/prepare-commit-msg: Permission denied
rm: /private/var/folders/9r/q38jyzfj091dx86qv8prs_300000gn/T/fm-control-relaunch.S6Lh37/same-26218/home/state/rl1.git-hooks/post-checkout: Permission denied
rm: /private/var/folders/9r/q38jyzfj091dx86qv8prs_300000gn/T/fm-control-relaunch.S6Lh37/same-26218/home/state/rl1.git-hooks/post-applypatch: Permission denied
rm: /private/var/folders/9r/q38jyzfj091dx86qv8prs_300000gn/T/fm-control-relaunch.S6Lh37/same-26218/home/state/rl1.git-hooks/post-rewrite: Permission denied
rm: /private/var/folders/9r/q38jyzfj091dx86qv8prs_300000gn/T/fm-control-relaunch.S6Lh37/same-26218/home/state/rl1.git-hooks/commit-msg: Permission denied
rm: /private/var/folders/9r/q38jyzfj091dx86qv8prs_300000gn/T/fm-control-relaunch.S6Lh37/same-26218/home/state/rl1.git-hooks/pre-push: Permission denied
rm: /private/var/folders/9r/q38jyzfj091dx86qv8prs_300000gn/T/fm-control-relaunch.S6Lh37/same-26218/home/state/rl1.git-hooks/post-merge: Permission denied
rm: /private/var/folders/9r/q38jyzfj091dx86qv8prs_300000gn/T/fm-control-relaunch.S6Lh37/same-26218/home/state/rl1.git-hooks/pre-commit: Permission denied
rm: /private/var/folders/9r/q38jyzfj091dx86qv8prs_300000gn/T/fm-control-relaunch.S6Lh37/same-26218/home/state/rl1.git-hooks: Directory not empty
rm: /private/var/folders/9r/q38jyzfj091dx86qv8prs_300000gn/T/fm-control-relaunch.S6Lh37/same-26218/home/state: Directory not empty
rm: /private/var/folders/9r/q38jyzfj091dx86qv8prs_300000gn/T/fm-control-relaunch.S6Lh37/same-26218/home: Directory not empty
rm: /private/var/folders/9r/q38jyzfj091dx86qv8prs_300000gn/T/fm-control-relaunch.S6Lh37/same-26218: Directory not empty
rm: /private/var/folders/9r/q38jyzfj091dx86qv8prs_300000gn/T/fm-control-relaunch.S6Lh37/reverify-32581/home/state/rl40.git-hooks/pre-rebase: Permission denied
rm: /private/var/folders/9r/q38jyzfj091dx86qv8prs_300000gn/T/fm-control-relaunch.S6Lh37/reverify-32581/home/state/rl40.git-hooks/pre-applypatch: Permission denied
rm: /private/var/folders/9r/q38jyzfj091dx86qv8prs_300000gn/T/fm-control-relaunch.S6Lh37/reverify-32581/home/state/rl40.git-hooks/pre-auto-gc: Permission denied
rm: /private/var/folders/9r/q38jyzfj091dx86qv8prs_300000gn/T/fm-control-relaunch.S6Lh37/reverify-32581/home/state/rl40.git-hooks/pre-merge-commit: Permission denied
rm: /private/var/folders/9r/q38jyzfj091dx86qv8prs_300000gn/T/fm-control-relaunch.S6Lh37/reverify-32581/home/state/rl40.git-hooks/post-commit: Permission denied
rm: /private/var/folders/9r/q38jyzfj091dx86qv8prs_300000gn/T/fm-control-relaunch.S6Lh37/reverify-32581/home/state/rl40.git-hooks/sendemail-validate: Permission denied
rm: /private/var/folders/9r/q38jyzfj091dx86qv8prs_300000gn/T/fm-control-relaunch.S6Lh37/reverify-32581/home/state/rl40.git-hooks/applypatch-msg: Permission denied
rm: /private/var/folders/9r/q38jyzfj091dx86qv8prs_300000gn/T/fm-control-relaunch.S6Lh37/reverify-32581/home/state/rl40.git-hooks/prepare-commit-msg: Permission denied
rm: /private/var/folders/9r/q38jyzfj091dx86qv8prs_300000gn/T/fm-control-relaunch.S6Lh37/reverify-32581/home/state/rl40.git-hooks/post-checkout: Permission denied
rm: /private/var/folders/9r/q38jyzfj091dx86qv8prs_300000gn/T/fm-control-relaunch.S6Lh37/reverify-32581/home/state/rl40.git-hooks/post-applypatch: Permission denied
rm: /private/var/folders/9r/q38jyzfj091dx86qv8prs_300000gn/T/fm-control-relaunch.S6Lh37/reverify-32581/home/state/rl40.git-hooks/post-rewrite: Permission denied
rm: /private/var/folders/9r/q38jyzfj091dx86qv8prs_300000gn/T/fm-control-relaunch.S6Lh37/reverify-32581/home/state/rl40.git-hooks/commit-msg: Permission denied
rm: /private/var/folders/9r/q38jyzfj091dx86qv8prs_300000gn/T/fm-control-relaunch.S6Lh37/reverify-32581/home/state/rl40.git-hooks/pre-push: Permission denied
rm: /private/var/folders/9r/q38jyzfj091dx86qv8prs_300000gn/T/fm-control-relaunch.S6Lh37/reverify-32581/home/state/rl40.git-hooks/post-merge: Permission denied
rm: /private/var/folders/9r/q38jyzfj091dx86qv8prs_300000gn/T/fm-control-relaunch.S6Lh37/reverify-32581/home/state/rl40.git-hooks/pre-commit: Permission denied
rm: /private/var/folders/9r/q38jyzfj091dx86qv8prs_300000gn/T/fm-control-relaunch.S6Lh37/reverify-32581/home/state/rl40.git-hooks: Directory not empty
rm: /private/var/folders/9r/q38jyzfj091dx86qv8prs_300000gn/T/fm-control-relaunch.S6Lh37/reverify-32581/home/state: Directory not empty
rm: /private/var/folders/9r/q38jyzfj091dx86qv8prs_300000gn/T/fm-control-relaunch.S6Lh37/reverify-32581/home: Directory not empty
rm: /private/var/folders/9r/q38jyzfj091dx86qv8prs_300000gn/T/fm-control-relaunch.S6Lh37/reverify-32581: Directory not empty
rm: /private/var/folders/9r/q38jyzfj091dx86qv8prs_300000gn/T/fm-control-relaunch.S6Lh37/acct-2917/home/state/rl-acct.git-hooks/pre-rebase: Permission denied
rm: /private/var/folders/9r/q38jyzfj091dx86qv8prs_300000gn/T/fm-control-relaunch.S6Lh37/acct-2917/home/state/rl-acct.git-hooks/pre-applypatch: Permission denied
rm: /private/var/folders/9r/q38jyzfj091dx86qv8prs_300000gn/T/fm-control-relaunch.S6Lh37/acct-2917/home/state/rl-acct.git-hooks/pre-auto-gc: Permission denied
rm: /private/var/folders/9r/q38jyzfj091dx86qv8prs_300000gn/T/fm-control-relaunch.S6Lh37/acct-2917/home/state/rl-acct.git-hooks/pre-merge-commit: Permission denied
rm: /private/var/folders/9r/q38jyzfj091dx86qv8prs_300000gn/T/fm-control-relaunch.S6Lh37/acct-2917/home/state/rl-acct.git-hooks/post-commit: Permission denied
rm: /private/var/folders/9r/q38jyzfj091dx86qv8prs_300000gn/T/fm-control-relaunch.S6Lh37/acct-2917/home/state/rl-acct.git-hooks/sendemail-validate: Permission denied
rm: /private/var/folders/9r/q38jyzfj091dx86qv8prs_300000gn/T/fm-control-relaunch.S6Lh37/acct-2917/home/state/rl-acct.git-hooks/applypatch-msg: Permission denied
rm: /private/var/folders/9r/q38jyzfj091dx86qv8prs_300000gn/T/fm-control-relaunch.S6Lh37/acct-2917/home/state/rl-acct.git-hooks/prepare-commit-msg: Permission denied
rm: /private/var/folders/9r/q38jyzfj091dx86qv8prs_300000gn/T/fm-control-relaunch.S6Lh37/acct-2917/home/state/rl-acct.git-hooks/post-checkout: Permission denied
rm: /private/var/folders/9r/q38jyzfj091dx86qv8prs_300000gn/T/fm-control-relaunch.S6Lh37/acct-2917/home/state/rl-acct.git-hooks/post-applypatch: Permission denied
rm: /private/var/folders/9r/q38jyzfj091dx86qv8prs_300000gn/T/fm-control-relaunch.S6Lh37/acct-2917/home/state/rl-acct.git-hooks/post-rewrite: Permission denied
rm: /private/var/folders/9r/q38jyzfj091dx86qv8prs_300000gn/T/fm-control-relaunch.S6Lh37/acct-2917/home/state/rl-acct.git-hooks/commit-msg: Permission denied
rm: /private/var/folders/9r/q38jyzfj091dx86qv8prs_300000gn/T/fm-control-relaunch.S6Lh37/acct-2917/home/state/rl-acct.git-hooks/pre-push: Permission denied
rm: /private/var/folders/9r/q38jyzfj091dx86qv8prs_300000gn/T/fm-control-relaunch.S6Lh37/acct-2917/home/state/rl-acct.git-hooks/post-merge: Permission denied
rm: /private/var/folders/9r/q38jyzfj091dx86qv8prs_300000gn/T/fm-control-relaunch.S6Lh37/acct-2917/home/state/rl-acct.git-hooks/pre-commit: Permission denied
rm: /private/var/folders/9r/q38jyzfj091dx86qv8prs_300000gn/T/fm-control-relaunch.S6Lh37/acct-2917/home/state/rl-acct.git-hooks: Directory not empty
rm: /private/var/folders/9r/q38jyzfj091dx86qv8prs_300000gn/T/fm-control-relaunch.S6Lh37/acct-2917/home/state: Directory not empty
rm: /private/var/folders/9r/q38jyzfj091dx86qv8prs_300000gn/T/fm-control-relaunch.S6Lh37/acct-2917/home: Directory not empty
rm: /private/var/folders/9r/q38jyzfj091dx86qv8prs_300000gn/T/fm-control-relaunch.S6Lh37/acct-2917: Directory not empty
rm: /private/var/folders/9r/q38jyzfj091dx86qv8prs_300000gn/T/fm-control-relaunch.S6Lh37: Directory not empty
FM_TEST_END 2026-09-26T01:23:17Z tests/fm-control-relaunch.test.sh exit=0 duration_ms=159587 gate_skip=false
FM_TEST_SUMMARY total=2 failed=0 skipped_gate=0 duration_ms=175378
FM_TEST_SUMMARY_FAMILY family=backend-dispatch count=1 duration_ms=159587 failed=0
FM_TEST_SUMMARY_FAMILY family=pure-contract-unit count=1 duration_ms=15590 failed=0
FM_TEST_SLOWEST rank=1 script=tests/fm-control-relaunch.test.sh duration_ms=159587
FM_TEST_SLOWEST rank=2 script=tests/fm-polytoken-harness.test.sh duration_ms=15590
