ok - fm-control removes the dialog file after exit and after relaunch
ok - fm-control exit removes the dialog file before it releases the control lock
ok - fm-control relaunch: a same-harness relaunch replaces the agent in the same endpoint and worktree
ok - fm-control relaunch: pending composer text refuses before the exit command is typed
ok - fm-control relaunch: an unreadable composer fails safe before the exit command is typed
ok - fm-control relaunch: a linked spawning home preserves committed and unfinished work in the recorded copy
ok - fm-control relaunch: durable task metadata survives replacement launch publication
ok - fm-control relaunch: delivery and concurrent task metadata publication serialize
ok - fm-control relaunch: disabling tracing clears metadata and pane context
ok - fm-control relaunch: progress and the Firstmate-worktree worker identity reach the replacement
ok - fm-control relaunch: a ship task refuses without the progress note its replacement needs
ok - fm-control relaunch: switching harness is one ordinary relaunch, and the old wiring goes with the old agent
ok - fm-control relaunch: a refused relaunch onto polytoken keeps the project's own hook layer
ok - fm-spawn --relaunch: retiring a raw polytoken launch's wiring keeps the project's own layers
ok - fm-control relaunch: a harness switch resets model and effort unless they are named too
ok - fm-control relaunch: a prefixed recorded harness can switch adapters transactionally
ok - fm-control relaunch: a prefixed command requires an explicit replacement harness
ok - fm-control relaunch: a same-harness relaunch keeps the profile axes it was running with
ok - native Ultra relaunch preserves its profile and rejects an unsupported model before stopping
ok - fm-control relaunch: a signed-out worker account pin refuses before the old agent stops
ok - fm-control relaunch: the replacement follows the home's current worker account pin
ok - fm-control relaunch: a Pi replacement keeps the home's tool exclusions
ok - fm-control relaunch: exclusion-list refusals happen before the running agent stops
ok - fm-control relaunch: explicit model and effort win over the recorded ones
ok - fm-control relaunch: refuses to relaunch onto an adapter with no verified mechanics
ok - fm-control relaunch: the retired incarnation's global turn-end token is revoked
ok - fm-control relaunch: wiring cleanup failure refuses replacement arming
ok - fm-control-lib: one owner resolves each harness's turn-end registry entry, and refuses a malformed token
ok - fm-control relaunch: a secondmate relaunch re-resolves its durable configured harness pin
ok - fm-control relaunch: invalid configured effort is ignored before stop
ok - fm-control relaunch: an adapter unverified for this task kind refuses before the agent is stopped
ok - fm-control relaunch: explicit secondmate harness resets unnamed profile axes
ok - fm-control relaunch: a ship task keeps its recorded harness instead of re-reading crew config
ok - fm-spawn --relaunch: with no explicit harness it reuses the task's recorded one, never the crew default
ok - fm-spawn --relaunch: a promoted scout with a recorded custom branch relaunches on it instead of being refused
ok - fm-promote/fm-spawn --relaunch: the current ship contract supersedes stale scout delivery text
ok - fm-spawn --relaunch: wiring armed under a prefixed harness name is still retired
ok - fm-spawn --relaunch: switching away from muse retires its session binding
ok - fm-spawn --relaunch: switching away from cursor retires its session binding
ok - fm-control relaunch: an unaccountable local copy refuses before the agent is touched
ok - fm-control relaunch: a worker with nothing to work from is never launched
ok - fm-control relaunch: a refusal before the agent is stopped leaves the durable record untouched
ok - fm-control relaunch: checkpoint inspection failures refuse before stopping
ok - fm-control relaunch: a launch failure after the stop keeps the prior record and reports the real state
ok - fm-control relaunch: unpublished rollback keeps concurrent durable metadata
ok - fm-control relaunch: post-publication failure keeps the new durable record
ok - fm-control relaunch: partial stop reconciles actual agent state
ok - fm-control relaunch: failed journal replacement preserves durable phase
ok - fm-spawn relaunch: prepublication abort removes replacement state
ok - fm-control relaunch: the checkpoint records the exact unlanded work it preserved
ok - fm-control relaunch: a secondmate's child work is accounted for and its charter is left alone
ok - fm-control relaunch: a secondmate home that is not this secondmate's is refused
ok - fm-control relaunch: unreadable child records fail checkpoint
ok - fm-control relaunch: unlistable state fails checkpoint
ok - fm-control relaunch: a vanished watcher scratch file does not fail the child-record checkpoint
ok - fm-control relaunch: two control actions on one task serialize instead of interleaving
ok - fm-spawn relaunch: direct entry participates in lifecycle serialization
ok - fm-promote: promotion participates in lifecycle serialization
ok - fm-spawn --relaunch: refuses to launch a second agent into a live endpoint
ok - fm-spawn --relaunch: symlinked records refuse before inspection
ok - fm-spawn --relaunch: keeps its early meta lock continuous
ok - fm-spawn --relaunch: pending closes refuse before replacement begins
ok - fm-spawn --relaunch: every identity axis comes from the record, and a contradicting flag refuses
ok - fm-spawn --relaunch: an unrecorded task is refused
ok - fm-spawn --relaunch: refuses to start a replacement outside the copy holding its work
ok - tmux: a window absent from its session refuses both verbs rather than being assumed gone
ok - tmux: an unfindable session refuses both verbs, so a live agent is never duplicated
ok - tmux: a dead server on this socket refuses both verbs rather than proving absence
ok - reclaim: an unclassifiable endpoint is still refused, so two agents cannot share one
sed: 1: "/private/var/folders/qw ...": invalid command code v
not ok - Herdr Pi relaunch should complete (pi registration)
error: pi executable not found on PATH; install it or select a different verified harness: expected exit 0, got 1
rm: /private/var/folders/qw/fh5wf_hn25x4f712lv79r_480000gn/T/fm-control-relaunch.bwfUuk/cursorwiring-26879/home/state/rl35.git-hooks/pre-rebase: Permission denied
rm: /private/var/folders/qw/fh5wf_hn25x4f712lv79r_480000gn/T/fm-control-relaunch.bwfUuk/cursorwiring-26879/home/state/rl35.git-hooks/pre-applypatch: Permission denied
rm: /private/var/folders/qw/fh5wf_hn25x4f712lv79r_480000gn/T/fm-control-relaunch.bwfUuk/cursorwiring-26879/home/state/rl35.git-hooks/pre-auto-gc: Permission denied
rm: /private/var/folders/qw/fh5wf_hn25x4f712lv79r_480000gn/T/fm-control-relaunch.bwfUuk/cursorwiring-26879/home/state/rl35.git-hooks/pre-merge-commit: Permission denied
rm: /private/var/folders/qw/fh5wf_hn25x4f712lv79r_480000gn/T/fm-control-relaunch.bwfUuk/cursorwiring-26879/home/state/rl35.git-hooks/post-commit: Permission denied
rm: /private/var/folders/qw/fh5wf_hn25x4f712lv79r_480000gn/T/fm-control-relaunch.bwfUuk/cursorwiring-26879/home/state/rl35.git-hooks/sendemail-validate: Permission denied
rm: /private/var/folders/qw/fh5wf_hn25x4f712lv79r_480000gn/T/fm-control-relaunch.bwfUuk/cursorwiring-26879/home/state/rl35.git-hooks/applypatch-msg: Permission denied
rm: /private/var/folders/qw/fh5wf_hn25x4f712lv79r_480000gn/T/fm-control-relaunch.bwfUuk/cursorwiring-26879/home/state/rl35.git-hooks/prepare-commit-msg: Permission denied
rm: /private/var/folders/qw/fh5wf_hn25x4f712lv79r_480000gn/T/fm-control-relaunch.bwfUuk/cursorwiring-26879/home/state/rl35.git-hooks/post-checkout: Permission denied
rm: /private/var/folders/qw/fh5wf_hn25x4f712lv79r_480000gn/T/fm-control-relaunch.bwfUuk/cursorwiring-26879/home/state/rl35.git-hooks/post-applypatch: Permission denied
rm: /private/var/folders/qw/fh5wf_hn25x4f712lv79r_480000gn/T/fm-control-relaunch.bwfUuk/cursorwiring-26879/home/state/rl35.git-hooks/post-rewrite: Permission denied
rm: /private/var/folders/qw/fh5wf_hn25x4f712lv79r_480000gn/T/fm-control-relaunch.bwfUuk/cursorwiring-26879/home/state/rl35.git-hooks/commit-msg: Permission denied
rm: /private/var/folders/qw/fh5wf_hn25x4f712lv79r_480000gn/T/fm-control-relaunch.bwfUuk/cursorwiring-26879/home/state/rl35.git-hooks/pre-push: Permission denied
rm: /private/var/folders/qw/fh5wf_hn25x4f712lv79r_480000gn/T/fm-control-relaunch.bwfUuk/cursorwiring-26879/home/state/rl35.git-hooks/post-merge: Permission denied
rm: /private/var/folders/qw/fh5wf_hn25x4f712lv79r_480000gn/T/fm-control-relaunch.bwfUuk/cursorwiring-26879/home/state/rl35.git-hooks/pre-commit: Permission denied
rm: /private/var/folders/qw/fh5wf_hn25x4f712lv79r_480000gn/T/fm-control-relaunch.bwfUuk/cursorwiring-26879/home/state/rl35.git-hooks: Directory not empty
rm: /private/var/folders/qw/fh5wf_hn25x4f712lv79r_480000gn/T/fm-control-relaunch.bwfUuk/cursorwiring-26879/home/state: Directory not empty
rm: /private/var/folders/qw/fh5wf_hn25x4f712lv79r_480000gn/T/fm-control-relaunch.bwfUuk/cursorwiring-26879/home: Directory not empty
rm: /private/var/folders/qw/fh5wf_hn25x4f712lv79r_480000gn/T/fm-control-relaunch.bwfUuk/cursorwiring-26879: Directory not empty
rm: /private/var/folders/qw/fh5wf_hn25x4f712lv79r_480000gn/T/fm-control-relaunch.bwfUuk/smexplicit-27436/home/state/sm4.git-hooks/pre-rebase: Permission denied
rm: /private/var/folders/qw/fh5wf_hn25x4f712lv79r_480000gn/T/fm-control-relaunch.bwfUuk/smexplicit-27436/home/state/sm4.git-hooks/pre-applypatch: Permission denied
rm: /private/var/folders/qw/fh5wf_hn25x4f712lv79r_480000gn/T/fm-control-relaunch.bwfUuk/smexplicit-27436/home/state/sm4.git-hooks/pre-auto-gc: Permission denied
rm: /private/var/folders/qw/fh5wf_hn25x4f712lv79r_480000gn/T/fm-control-relaunch.bwfUuk/smexplicit-27436/home/state/sm4.git-hooks/pre-merge-commit: Permission denied
rm: /private/var/folders/qw/fh5wf_hn25x4f712lv79r_480000gn/T/fm-control-relaunch.bwfUuk/smexplicit-27436/home/state/sm4.git-hooks/post-commit: Permission denied
rm: /private/var/folders/qw/fh5wf_hn25x4f712lv79r_480000gn/T/fm-control-relaunch.bwfUuk/smexplicit-27436/home/state/sm4.git-hooks/sendemail-validate: Permission denied
rm: /private/var/folders/qw/fh5wf_hn25x4f712lv79r_480000gn/T/fm-control-relaunch.bwfUuk/smexplicit-27436/home/state/sm4.git-hooks/applypatch-msg: Permission denied
rm: /private/var/folders/qw/fh5wf_hn25x4f712lv79r_480000gn/T/fm-control-relaunch.bwfUuk/smexplicit-27436/home/state/sm4.git-hooks/prepare-commit-msg: Permission denied
rm: /private/var/folders/qw/fh5wf_hn25x4f712lv79r_480000gn/T/fm-control-relaunch.bwfUuk/smexplicit-27436/home/state/sm4.git-hooks/post-checkout: Permission denied
rm: /private/var/folders/qw/fh5wf_hn25x4f712lv79r_480000gn/T/fm-control-relaunch.bwfUuk/smexplicit-27436/home/state/sm4.git-hooks/post-applypatch: Permission denied
rm: /private/var/folders/qw/fh5wf_hn25x4f712lv79r_480000gn/T/fm-control-relaunch.bwfUuk/smexplicit-27436/home/state/sm4.git-hooks/post-rewrite: Permission denied
rm: /private/var/folders/qw/fh5wf_hn25x4f712lv79r_480000gn/T/fm-control-relaunch.bwfUuk/smexplicit-27436/home/state/sm4.git-hooks/commit-msg: Permission denied
rm: /private/var/folders/qw/fh5wf_hn25x4f712lv79r_480000gn/T/fm-control-relaunch.bwfUuk/smexplicit-27436/home/state/sm4.git-hooks/pre-push: Permission denied
rm: /private/var/folders/qw/fh5wf_hn25x4f712lv79r_480000gn/T/fm-control-relaunch.bwfUuk/smexplicit-27436/home/state/sm4.git-hooks/post-merge: Permission denied
rm: /private/var/folders/qw/fh5wf_hn25x4f712lv79r_480000gn/T/fm-control-relaunch.bwfUuk/smexplicit-27436/home/state/sm4.git-hooks/pre-commit: Permission denied
rm: /private/var/folders/qw/fh5wf_hn25x4f712lv79r_480000gn/T/fm-control-relaunch.bwfUuk/smexplicit-27436/home/state/sm4.git-hooks: Directory not empty
rm: /private/var/folders/qw/fh5wf_hn25x4f712lv79r_480000gn/T/fm-control-relaunch.bwfUuk/smexplicit-27436/home/state: Directory not empty
rm: /private/var/folders/qw/fh5wf_hn25x4f712lv79r_480000gn/T/fm-control-relaunch.bwfUuk/smexplicit-27436/home: Directory not empty
rm: /private/var/folders/qw/fh5wf_hn25x4f712lv79r_480000gn/T/fm-control-relaunch.bwfUuk/smexplicit-27436: Directory not empty
rm: /private/var/folders/qw/fh5wf_hn25x4f712lv79r_480000gn/T/fm-control-relaunch.bwfUuk/prepublishcleanup-10420/home/state/rl28.git-hooks/pre-rebase: Permission denied
rm: /private/var/folders/qw/fh5wf_hn25x4f712lv79r_480000gn/T/fm-control-relaunch.bwfUuk/prepublishcleanup-10420/home/state/rl28.git-hooks/pre-applypatch: Permission denied
rm: /private/var/folders/qw/fh5wf_hn25x4f712lv79r_480000gn/T/fm-control-relaunch.bwfUuk/prepublishcleanup-10420/home/state/rl28.git-hooks/pre-auto-gc: Permission denied
rm: /private/var/folders/qw/fh5wf_hn25x4f712lv79r_480000gn/T/fm-control-relaunch.bwfUuk/prepublishcleanup-10420/home/state/rl28.git-hooks/pre-merge-commit: Permission denied
rm: /private/var/folders/qw/fh5wf_hn25x4f712lv79r_480000gn/T/fm-control-relaunch.bwfUuk/prepublishcleanup-10420/home/state/rl28.git-hooks/post-commit: Permission denied
rm: /private/var/folders/qw/fh5wf_hn25x4f712lv79r_480000gn/T/fm-control-relaunch.bwfUuk/prepublishcleanup-10420/home/state/rl28.git-hooks/sendemail-validate: Permission denied
rm: /private/var/folders/qw/fh5wf_hn25x4f712lv79r_480000gn/T/fm-control-relaunch.bwfUuk/prepublishcleanup-10420/home/state/rl28.git-hooks/applypatch-msg: Permission denied
rm: /private/var/folders/qw/fh5wf_hn25x4f712lv79r_480000gn/T/fm-control-relaunch.bwfUuk/prepublishcleanup-10420/home/state/rl28.git-hooks/prepare-commit-msg: Permission denied
rm: /private/var/folders/qw/fh5wf_hn25x4f712lv79r_480000gn/T/fm-control-relaunch.bwfUuk/prepublishcleanup-10420/home/state/rl28.git-hooks/post-checkout: Permission denied
rm: /private/var/folders/qw/fh5wf_hn25x4f712lv79r_480000gn/T/fm-control-relaunch.bwfUuk/prepublishcleanup-10420/home/state/rl28.git-hooks/post-applypatch: Permission denied
rm: /private/var/folders/qw/fh5wf_hn25x4f712lv79r_480000gn/T/fm-control-relaunch.bwfUuk/prepublishcleanup-10420/home/state/rl28.git-hooks/post-rewrite: Permission denied
rm: /private/var/folders/qw/fh5wf_hn25x4f712lv79r_480000gn/T/fm-control-relaunch.bwfUuk/prepublishcleanup-10420/home/state/rl28.git-hooks/commit-msg: Permission denied
rm: /private/var/folders/qw/fh5wf_hn25x4f712lv79r_480000gn/T/fm-control-relaunch.bwfUuk/prepublishcleanup-10420/home/state/rl28.git-hooks/pre-push: Permission denied
rm: /private/var/folders/qw/fh5wf_hn25x4f712lv79r_480000gn/T/fm-control-relaunch.bwfUuk/prepublishcleanup-10420/home/state/rl28.git-hooks/post-merge: Permission denied
rm: /private/var/folders/qw/fh5wf_hn25x4f712lv79r_480000gn/T/fm-control-relaunch.bwfUuk/prepublishcleanup-10420/home/state/rl28.git-hooks/pre-commit: Permission denied
rm: /private/var/folders/qw/fh5wf_hn25x4f712lv79r_480000gn/T/fm-control-relaunch.bwfUuk/prepublishcleanup-10420/home/state/rl28.git-hooks: Directory not empty
rm: /private/var/folders/qw/fh5wf_hn25x4f712lv79r_480000gn/T/fm-control-relaunch.bwfUuk/prepublishcleanup-10420/home/state: Directory not empty
rm: /private/var/folders/qw/fh5wf_hn25x4f712lv79r_480000gn/T/fm-control-relaunch.bwfUuk/prepublishcleanup-10420/home: Directory not empty
rm: /private/var/folders/qw/fh5wf_hn25x4f712lv79r_480000gn/T/fm-control-relaunch.bwfUuk/prepublishcleanup-10420: Directory not empty
rm: /private/var/folders/qw/fh5wf_hn25x4f712lv79r_480000gn/T/fm-control-relaunch.bwfUuk/native-ultra-28602/home/state/rl-ultra.git-hooks/pre-rebase: Permission denied
rm: /private/var/folders/qw/fh5wf_hn25x4f712lv79r_480000gn/T/fm-control-relaunch.bwfUuk/native-ultra-28602/home/state/rl-ultra.git-hooks/pre-applypatch: Permission denied
rm: /private/var/folders/qw/fh5wf_hn25x4f712lv79r_480000gn/T/fm-control-relaunch.bwfUuk/native-ultra-28602/home/state/rl-ultra.git-hooks/pre-auto-gc: Permission denied
rm: /private/var/folders/qw/fh5wf_hn25x4f712lv79r_480000gn/T/fm-control-relaunch.bwfUuk/native-ultra-28602/home/state/rl-ultra.git-hooks/pre-merge-commit: Permission denied
rm: /private/var/folders/qw/fh5wf_hn25x4f712lv79r_480000gn/T/fm-control-relaunch.bwfUuk/native-ultra-28602/home/state/rl-ultra.git-hooks/post-commit: Permission denied
rm: /private/var/folders/qw/fh5wf_hn25x4f712lv79r_480000gn/T/fm-control-relaunch.bwfUuk/native-ultra-28602/home/state/rl-ultra.git-hooks/sendemail-validate: Permission denied
rm: /private/var/folders/qw/fh5wf_hn25x4f712lv79r_480000gn/T/fm-control-relaunch.bwfUuk/native-ultra-28602/home/state/rl-ultra.git-hooks/applypatch-msg: Permission denied
rm: /private/var/folders/qw/fh5wf_hn25x4f712lv79r_480000gn/T/fm-control-relaunch.bwfUuk/native-ultra-28602/home/state/rl-ultra.git-hooks/prepare-commit-msg: Permission denied
rm: /private/var/folders/qw/fh5wf_hn25x4f712lv79r_480000gn/T/fm-control-relaunch.bwfUuk/native-ultra-28602/home/state/rl-ultra.git-hooks/post-checkout: Permission denied
rm: /private/var/folders/qw/fh5wf_hn25x4f712lv79r_480000gn/T/fm-control-relaunch.bwfUuk/native-ultra-28602/home/state/rl-ultra.git-hooks/post-applypatch: Permission denied
rm: /private/var/folders/qw/fh5wf_hn25x4f712lv79r_480000gn/T/fm-control-relaunch.bwfUuk/native-ultra-28602/home/state/rl-ultra.git-hooks/post-rewrite: Permission denied
rm: /private/var/folders/qw/fh5wf_hn25x4f712lv79r_480000gn/T/fm-control-relaunch.bwfUuk/native-ultra-28602/home/state/rl-ultra.git-hooks/commit-msg: Permission denied
rm: /private/var/folders/qw/fh5wf_hn25x4f712lv79r_480000gn/T/fm-control-relaunch.bwfUuk/native-ultra-28602/home/state/rl-ultra.git-hooks/pre-push: Permission denied
rm: /private/var/folders/qw/fh5wf_hn25x4f712lv79r_480000gn/T/fm-control-relaunch.bwfUuk/native-ultra-28602/home/state/rl-ultra.git-hooks/post-merge: Permission denied
rm: /private/var/folders/qw/fh5wf_hn25x4f712lv79r_480000gn/T/fm-control-relaunch.bwfUuk/native-ultra-28602/home/state/rl-ultra.git-hooks/pre-commit: Permission denied
rm: /private/var/folders/qw/fh5wf_hn25x4f712lv79r_480000gn/T/fm-control-relaunch.bwfUuk/native-ultra-28602/home/state/rl-ultra.git-hooks: Directory not empty
rm: /private/var/folders/qw/fh5wf_hn25x4f712lv79r_480000gn/T/fm-control-relaunch.bwfUuk/native-ultra-28602/home/state: Directory not empty
rm: /private/var/folders/qw/fh5wf_hn25x4f712lv79r_480000gn/T/fm-control-relaunch.bwfUuk/native-ultra-28602/home: Directory not empty
rm: /private/var/folders/qw/fh5wf_hn25x4f712lv79r_480000gn/T/fm-control-relaunch.bwfUuk/native-ultra-28602: Directory not empty
rm: /private/var/folders/qw/fh5wf_hn25x4f712lv79r_480000gn/T/fm-control-relaunch.bwfUuk/sm-6487/home/state/sm1.git-hooks/pre-rebase: Permission denied
rm: /private/var/folders/qw/fh5wf_hn25x4f712lv79r_480000gn/T/fm-control-relaunch.bwfUuk/sm-6487/home/state/sm1.git-hooks/pre-applypatch: Permission denied
rm: /private/var/folders/qw/fh5wf_hn25x4f712lv79r_480000gn/T/fm-control-relaunch.bwfUuk/sm-6487/home/state/sm1.git-hooks/pre-auto-gc: Permission denied
rm: /private/var/folders/qw/fh5wf_hn25x4f712lv79r_480000gn/T/fm-control-relaunch.bwfUuk/sm-6487/home/state/sm1.git-hooks/pre-merge-commit: Permission denied
rm: /private/var/folders/qw/fh5wf_hn25x4f712lv79r_480000gn/T/fm-control-relaunch.bwfUuk/sm-6487/home/state/sm1.git-hooks/post-commit: Permission denied
rm: /private/var/folders/qw/fh5wf_hn25x4f712lv79r_480000gn/T/fm-control-relaunch.bwfUuk/sm-6487/home/state/sm1.git-hooks/sendemail-validate: Permission denied
rm: /private/var/folders/qw/fh5wf_hn25x4f712lv79r_480000gn/T/fm-control-relaunch.bwfUuk/sm-6487/home/state/sm1.git-hooks/applypatch-msg: Permission denied
rm: /private/var/folders/qw/fh5wf_hn25x4f712lv79r_480000gn/T/fm-control-relaunch.bwfUuk/sm-6487/home/state/sm1.git-hooks/prepare-commit-msg: Permission denied
rm: /private/var/folders/qw/fh5wf_hn25x4f712lv79r_480000gn/T/fm-control-relaunch.bwfUuk/sm-6487/home/state/sm1.git-hooks/post-checkout: Permission denied
rm: /private/var/folders/qw/fh5wf_hn25x4f712lv79r_480000gn/T/fm-control-relaunch.bwfUuk/sm-6487/home/state/sm1.git-hooks/post-applypatch: Permission denied
rm: /private/var/folders/qw/fh5wf_hn25x4f712lv79r_480000gn/T/fm-control-relaunch.bwfUuk/sm-6487/home/state/sm1.git-hooks/post-rewrite: Permission denied
rm: /private/var/folders/qw/fh5wf_hn25x4f712lv79r_480000gn/T/fm-control-relaunch.bwfUuk/sm-6487/home/state/sm1.git-hooks/commit-msg: Permission denied
rm: /private/var/folders/qw/fh5wf_hn25x4f712lv79r_480000gn/T/fm-control-relaunch.bwfUuk/sm-6487/home/state/sm1.git-hooks/pre-push: Permission denied
rm: /private/var/folders/qw/fh5wf_hn25x4f712lv79r_480000gn/T/fm-control-relaunch.bwfUuk/sm-6487/home/state/sm1.git-hooks/post-merge: Permission denied
rm: /private/var/folders/qw/fh5wf_hn25x4f712lv79r_480000gn/T/fm-control-relaunch.bwfUuk/sm-6487/home/state/sm1.git-hooks/pre-commit: Permission denied
rm: /private/var/folders/qw/fh5wf_hn25x4f712lv79r_480000gn/T/fm-control-relaunch.bwfUuk/sm-6487/home/state/sm1.git-hooks: Directory not empty
rm: /private/var/folders/qw/fh5wf_hn25x4f712lv79r_480000gn/T/fm-control-relaunch.bwfUuk/sm-6487/home/state: Directory not empty
rm: /private/var/folders/qw/fh5wf_hn25x4f712lv79r_480000gn/T/fm-control-relaunch.bwfUuk/sm-6487/home: Directory not empty
rm: /private/var/folders/qw/fh5wf_hn25x4f712lv79r_480000gn/T/fm-control-relaunch.bwfUuk/sm-6487: Directory not empty
rm: /private/var/folders/qw/fh5wf_hn25x4f712lv79r_480000gn/T/fm-control-relaunch.bwfUuk/completejournal-26676/home/state/rl27.git-hooks/pre-rebase: Permission denied
rm: /private/var/folders/qw/fh5wf_hn25x4f712lv79r_480000gn/T/fm-control-relaunch.bwfUuk/completejournal-26676/home/state/rl27.git-hooks/pre-applypatch: Permission denied
rm: /private/var/folders/qw/fh5wf_hn25x4f712lv79r_480000gn/T/fm-control-relaunch.bwfUuk/completejournal-26676/home/state/rl27.git-hooks/pre-auto-gc: Permission denied
rm: /private/var/folders/qw/fh5wf_hn25x4f712lv79r_480000gn/T/fm-control-relaunch.bwfUuk/completejournal-26676/home/state/rl27.git-hooks/pre-merge-commit: Permission denied
rm: /private/var/folders/qw/fh5wf_hn25x4f712lv79r_480000gn/T/fm-control-relaunch.bwfUuk/completejournal-26676/home/state/rl27.git-hooks/post-commit: Permission denied
rm: /private/var/folders/qw/fh5wf_hn25x4f712lv79r_480000gn/T/fm-control-relaunch.bwfUuk/completejournal-26676/home/state/rl27.git-hooks/sendemail-validate: Permission denied
rm: /private/var/folders/qw/fh5wf_hn25x4f712lv79r_480000gn/T/fm-control-relaunch.bwfUuk/completejournal-26676/home/state/rl27.git-hooks/applypatch-msg: Permission denied
rm: /private/var/folders/qw/fh5wf_hn25x4f712lv79r_480000gn/T/fm-control-relaunch.bwfUuk/completejournal-26676/home/state/rl27.git-hooks/prepare-commit-msg: Permission denied
rm: /private/var/folders/qw/fh5wf_hn25x4f712lv79r_480000gn/T/fm-control-relaunch.bwfUuk/completejournal-26676/home/state/rl27.git-hooks/post-checkout: Permission denied
rm: /private/var/folders/qw/fh5wf_hn25x4f712lv79r_480000gn/T/fm-control-relaunch.bwfUuk/completejournal-26676/home/state/rl27.git-hooks/post-applypatch: Permission denied
rm: /private/var/folders/qw/fh5wf_hn25x4f712lv79r_480000gn/T/fm-control-relaunch.bwfUuk/completejournal-26676/home/state/rl27.git-hooks/post-rewrite: Permission denied
rm: /private/var/folders/qw/fh5wf_hn25x4f712lv79r_480000gn/T/fm-control-relaunch.bwfUuk/completejournal-26676/home/state/rl27.git-hooks/commit-msg: Permission denied
rm: /private/var/folders/qw/fh5wf_hn25x4f712lv79r_480000gn/T/fm-control-relaunch.bwfUuk/completejournal-26676/home/state/rl27.git-hooks/pre-push: Permission denied
rm: /private/var/folders/qw/fh5wf_hn25x4f712lv79r_480000gn/T/fm-control-relaunch.bwfUuk/completejournal-26676/home/state/rl27.git-hooks/post-merge: Permission denied
rm: /private/var/folders/qw/fh5wf_hn25x4f712lv79r_480000gn/T/fm-control-relaunch.bwfUuk/completejournal-26676/home/state/rl27.git-hooks/pre-commit: Permission denied
rm: /private/var/folders/qw/fh5wf_hn25x4f712lv79r_480000gn/T/fm-control-relaunch.bwfUuk/completejournal-26676/home/state/rl27.git-hooks: Directory not empty
rm: /private/var/folders/qw/fh5wf_hn25x4f712lv79r_480000gn/T/fm-control-relaunch.bwfUuk/completejournal-26676/home/state: Directory not empty
rm: /private/var/folders/qw/fh5wf_hn25x4f712lv79r_480000gn/T/fm-control-relaunch.bwfUuk/completejournal-26676/home: Directory not empty
rm: /private/var/folders/qw/fh5wf_hn25x4f712lv79r_480000gn/T/fm-control-relaunch.bwfUuk/completejournal-26676: Directory not empty
rm: /private/var/folders/qw/fh5wf_hn25x4f712lv79r_480000gn/T/fm-control-relaunch.bwfUuk/journal-9364/home/state/rl14.git-hooks/pre-rebase: Permission denied
rm: /private/var/folders/qw/fh5wf_hn25x4f712lv79r_480000gn/T/fm-control-relaunch.bwfUuk/journal-9364/home/state/rl14.git-hooks/pre-applypatch: Permission denied
rm: /private/var/folders/qw/fh5wf_hn25x4f712lv79r_480000gn/T/fm-control-relaunch.bwfUuk/journal-9364/home/state/rl14.git-hooks/pre-auto-gc: Permission denied
rm: /private/var/folders/qw/fh5wf_hn25x4f712lv79r_480000gn/T/fm-control-relaunch.bwfUuk/journal-9364/home/state/rl14.git-hooks/pre-merge-commit: Permission denied
rm: /private/var/folders/qw/fh5wf_hn25x4f712lv79r_480000gn/T/fm-control-relaunch.bwfUuk/journal-9364/home/state/rl14.git-hooks/post-commit: Permission denied
rm: /private/var/folders/qw/fh5wf_hn25x4f712lv79r_480000gn/T/fm-control-relaunch.bwfUuk/journal-9364/home/state/rl14.git-hooks/sendemail-validate: Permission denied
rm: /private/var/folders/qw/fh5wf_hn25x4f712lv79r_480000gn/T/fm-control-relaunch.bwfUuk/journal-9364/home/state/rl14.git-hooks/applypatch-msg: Permission denied
rm: /private/var/folders/qw/fh5wf_hn25x4f712lv79r_480000gn/T/fm-control-relaunch.bwfUuk/journal-9364/home/state/rl14.git-hooks/prepare-commit-msg: Permission denied
rm: /private/var/folders/qw/fh5wf_hn25x4f712lv79r_480000gn/T/fm-control-relaunch.bwfUuk/journal-9364/home/state/rl14.git-hooks/post-checkout: Permission denied
rm: /private/var/folders/qw/fh5wf_hn25x4f712lv79r_480000gn/T/fm-control-relaunch.bwfUuk/journal-9364/home/state/rl14.git-hooks/post-applypatch: Permission denied
rm: /private/var/folders/qw/fh5wf_hn25x4f712lv79r_480000gn/T/fm-control-relaunch.bwfUuk/journal-9364/home/state/rl14.git-hooks/post-rewrite: Permission denied
rm: /private/var/folders/qw/fh5wf_hn25x4f712lv79r_480000gn/T/fm-control-relaunch.bwfUuk/journal-9364/home/state/rl14.git-hooks/commit-msg: Permission denied
rm: /private/var/folders/qw/fh5wf_hn25x4f712lv79r_480000gn/T/fm-control-relaunch.bwfUuk/journal-9364/home/state/rl14.git-hooks/pre-push: Permission denied
rm: /private/var/folders/qw/fh5wf_hn25x4f712lv79r_480000gn/T/fm-control-relaunch.bwfUuk/journal-9364/home/state/rl14.git-hooks/post-merge: Permission denied
rm: /private/var/folders/qw/fh5wf_hn25x4f712lv79r_480000gn/T/fm-control-relaunch.bwfUuk/journal-9364/home/state/rl14.git-hooks/pre-commit: Permission denied
rm: /private/var/folders/qw/fh5wf_hn25x4f712lv79r_480000gn/T/fm-control-relaunch.bwfUuk/journal-9364/home/state/rl14.git-hooks: Directory not empty
rm: /private/var/folders/qw/fh5wf_hn25x4f712lv79r_480000gn/T/fm-control-relaunch.bwfUuk/journal-9364/home/state: Directory not empty
rm: /private/var/folders/qw/fh5wf_hn25x4f712lv79r_480000gn/T/fm-control-relaunch.bwfUuk/journal-9364/home: Directory not empty
rm: /private/var/folders/qw/fh5wf_hn25x4f712lv79r_480000gn/T/fm-control-relaunch.bwfUuk/journal-9364: Directory not empty
rm: /private/var/folders/qw/fh5wf_hn25x4f712lv79r_480000gn/T/fm-control-relaunch.bwfUuk/metadata-race-16914/home/state/rl28.git-hooks/pre-rebase: Permission denied
rm: /private/var/folders/qw/fh5wf_hn25x4f712lv79r_480000gn/T/fm-control-relaunch.bwfUuk/metadata-race-16914/home/state/rl28.git-hooks/pre-applypatch: Permission denied
rm: /private/var/folders/qw/fh5wf_hn25x4f712lv79r_480000gn/T/fm-control-relaunch.bwfUuk/metadata-race-16914/home/state/rl28.git-hooks/pre-auto-gc: Permission denied
rm: /private/var/folders/qw/fh5wf_hn25x4f712lv79r_480000gn/T/fm-control-relaunch.bwfUuk/metadata-race-16914/home/state/rl28.git-hooks/pre-merge-commit: Permission denied
rm: /private/var/folders/qw/fh5wf_hn25x4f712lv79r_480000gn/T/fm-control-relaunch.bwfUuk/metadata-race-16914/home/state/rl28.git-hooks/post-commit: Permission denied
rm: /private/var/folders/qw/fh5wf_hn25x4f712lv79r_480000gn/T/fm-control-relaunch.bwfUuk/metadata-race-16914/home/state/rl28.git-hooks/sendemail-validate: Permission denied
rm: /private/var/folders/qw/fh5wf_hn25x4f712lv79r_480000gn/T/fm-control-relaunch.bwfUuk/metadata-race-16914/home/state/rl28.git-hooks/applypatch-msg: Permission denied
rm: /private/var/folders/qw/fh5wf_hn25x4f712lv79r_480000gn/T/fm-control-relaunch.bwfUuk/metadata-race-16914/home/state/rl28.git-hooks/prepare-commit-msg: Permission denied
rm: /private/var/folders/qw/fh5wf_hn25x4f712lv79r_480000gn/T/fm-control-relaunch.bwfUuk/metadata-race-16914/home/state/rl28.git-hooks/post-checkout: Permission denied
rm: /private/var/folders/qw/fh5wf_hn25x4f712lv79r_480000gn/T/fm-control-relaunch.bwfUuk/metadata-race-16914/home/state/rl28.git-hooks/post-applypatch: Permission denied
rm: /private/var/folders/qw/fh5wf_hn25x4f712lv79r_480000gn/T/fm-control-relaunch.bwfUuk/metadata-race-16914/home/state/rl28.git-hooks/post-rewrite: Permission denied
rm: /private/var/folders/qw/fh5wf_hn25x4f712lv79r_480000gn/T/fm-control-relaunch.bwfUuk/metadata-race-16914/home/state/rl28.git-hooks/commit-msg: Permission denied
rm: /private/var/folders/qw/fh5wf_hn25x4f712lv79r_480000gn/T/fm-control-relaunch.bwfUuk/metadata-race-16914/home/state/rl28.git-hooks/pre-push: Permission denied
rm: /private/var/folders/qw/fh5wf_hn25x4f712lv79r_480000gn/T/fm-control-relaunch.bwfUuk/metadata-race-16914/home/state/rl28.git-hooks/post-merge: Permission denied
rm: /private/var/folders/qw/fh5wf_hn25x4f712lv79r_480000gn/T/fm-control-relaunch.bwfUuk/metadata-race-16914/home/state/rl28.git-hooks/pre-commit: Permission denied
rm: /private/var/folders/qw/fh5wf_hn25x4f712lv79r_480000gn/T/fm-control-relaunch.bwfUuk/metadata-race-16914/home/state/rl28.git-hooks: Directory not empty
rm: /private/var/folders/qw/fh5wf_hn25x4f712lv79r_480000gn/T/fm-control-relaunch.bwfUuk/metadata-race-16914/home/state: Directory not empty
rm: /private/var/folders/qw/fh5wf_hn25x4f712lv79r_480000gn/T/fm-control-relaunch.bwfUuk/metadata-race-16914/home: Directory not empty
rm: /private/var/folders/qw/fh5wf_hn25x4f712lv79r_480000gn/T/fm-control-relaunch.bwfUuk/metadata-race-16914: Directory not empty
rm: /private/var/folders/qw/fh5wf_hn25x4f712lv79r_480000gn/T/fm-control-relaunch.bwfUuk/note-23811/home/state/rl2.git-hooks/pre-rebase: Permission denied
rm: /private/var/folders/qw/fh5wf_hn25x4f712lv79r_480000gn/T/fm-control-relaunch.bwfUuk/note-23811/home/state/rl2.git-hooks/pre-applypatch: Permission denied
rm: /private/var/folders/qw/fh5wf_hn25x4f712lv79r_480000gn/T/fm-control-relaunch.bwfUuk/note-23811/home/state/rl2.git-hooks/pre-auto-gc: Permission denied
rm: /private/var/folders/qw/fh5wf_hn25x4f712lv79r_480000gn/T/fm-control-relaunch.bwfUuk/note-23811/home/state/rl2.git-hooks/pre-merge-commit: Permission denied
rm: /private/var/folders/qw/fh5wf_hn25x4f712lv79r_480000gn/T/fm-control-relaunch.bwfUuk/note-23811/home/state/rl2.git-hooks/post-commit: Permission denied
rm: /private/var/folders/qw/fh5wf_hn25x4f712lv79r_480000gn/T/fm-control-relaunch.bwfUuk/note-23811/home/state/rl2.git-hooks/sendemail-validate: Permission denied
rm: /private/var/folders/qw/fh5wf_hn25x4f712lv79r_480000gn/T/fm-control-relaunch.bwfUuk/note-23811/home/state/rl2.git-hooks/applypatch-msg: Permission denied
rm: /private/var/folders/qw/fh5wf_hn25x4f712lv79r_480000gn/T/fm-control-relaunch.bwfUuk/note-23811/home/state/rl2.git-hooks/prepare-commit-msg: Permission denied
rm: /private/var/folders/qw/fh5wf_hn25x4f712lv79r_480000gn/T/fm-control-relaunch.bwfUuk/note-23811/home/state/rl2.git-hooks/post-checkout: Permission denied
rm: /private/var/folders/qw/fh5wf_hn25x4f712lv79r_480000gn/T/fm-control-relaunch.bwfUuk/note-23811/home/state/rl2.git-hooks/post-applypatch: Permission denied
rm: /private/var/folders/qw/fh5wf_hn25x4f712lv79r_480000gn/T/fm-control-relaunch.bwfUuk/note-23811/home/state/rl2.git-hooks/post-rewrite: Permission denied
rm: /private/var/folders/qw/fh5wf_hn25x4f712lv79r_480000gn/T/fm-control-relaunch.bwfUuk/note-23811/home/state/rl2.git-hooks/commit-msg: Permission denied
rm: /private/var/folders/qw/fh5wf_hn25x4f712lv79r_480000gn/T/fm-control-relaunch.bwfUuk/note-23811/home/state/rl2.git-hooks/pre-push: Permission denied
rm: /private/var/folders/qw/fh5wf_hn25x4f712lv79r_480000gn/T/fm-control-relaunch.bwfUuk/note-23811/home/state/rl2.git-hooks/post-merge: Permission denied
rm: /private/var/folders/qw/fh5wf_hn25x4f712lv79r_480000gn/T/fm-control-relaunch.bwfUuk/note-23811/home/state/rl2.git-hooks/pre-commit: Permission denied
rm: /private/var/folders/qw/fh5wf_hn25x4f712lv79r_480000gn/T/fm-control-relaunch.bwfUuk/note-23811/home/state/rl2.git-hooks: Directory not empty
rm: /private/var/folders/qw/fh5wf_hn25x4f712lv79r_480000gn/T/fm-control-relaunch.bwfUuk/note-23811/home/state: Directory not empty
rm: /private/var/folders/qw/fh5wf_hn25x4f712lv79r_480000gn/T/fm-control-relaunch.bwfUuk/note-23811/home: Directory not empty
rm: /private/var/folders/qw/fh5wf_hn25x4f712lv79r_480000gn/T/fm-control-relaunch.bwfUuk/note-23811: Directory not empty
rm: /private/var/folders/qw/fh5wf_hn25x4f712lv79r_480000gn/T/fm-control-relaunch.bwfUuk/crewcfg-30108/home/state/rl20.git-hooks/pre-rebase: Permission denied
rm: /private/var/folders/qw/fh5wf_hn25x4f712lv79r_480000gn/T/fm-control-relaunch.bwfUuk/crewcfg-30108/home/state/rl20.git-hooks/pre-applypatch: Permission denied
rm: /private/var/folders/qw/fh5wf_hn25x4f712lv79r_480000gn/T/fm-control-relaunch.bwfUuk/crewcfg-30108/home/state/rl20.git-hooks/pre-auto-gc: Permission denied
rm: /private/var/folders/qw/fh5wf_hn25x4f712lv79r_480000gn/T/fm-control-relaunch.bwfUuk/crewcfg-30108/home/state/rl20.git-hooks/pre-merge-commit: Permission denied
rm: /private/var/folders/qw/fh5wf_hn25x4f712lv79r_480000gn/T/fm-control-relaunch.bwfUuk/crewcfg-30108/home/state/rl20.git-hooks/post-commit: Permission denied
rm: /private/var/folders/qw/fh5wf_hn25x4f712lv79r_480000gn/T/fm-control-relaunch.bwfUuk/crewcfg-30108/home/state/rl20.git-hooks/sendemail-validate: Permission denied
rm: /private/var/folders/qw/fh5wf_hn25x4f712lv79r_480000gn/T/fm-control-relaunch.bwfUuk/crewcfg-30108/home/state/rl20.git-hooks/applypatch-msg: Permission denied
rm: /private/var/folders/qw/fh5wf_hn25x4f712lv79r_480000gn/T/fm-control-relaunch.bwfUuk/crewcfg-30108/home/state/rl20.git-hooks/prepare-commit-msg: Permission denied
rm: /private/var/folders/qw/fh5wf_hn25x4f712lv79r_480000gn/T/fm-control-relaunch.bwfUuk/crewcfg-30108/home/state/rl20.git-hooks/post-checkout: Permission denied
rm: /private/var/folders/qw/fh5wf_hn25x4f712lv79r_480000gn/T/fm-control-relaunch.bwfUuk/crewcfg-30108/home/state/rl20.git-hooks/post-applypatch: Permission denied
rm: /private/var/folders/qw/fh5wf_hn25x4f712lv79r_480000gn/T/fm-control-relaunch.bwfUuk/crewcfg-30108/home/state/rl20.git-hooks/post-rewrite: Permission denied
rm: /private/var/folders/qw/fh5wf_hn25x4f712lv79r_480000gn/T/fm-control-relaunch.bwfUuk/crewcfg-30108/home/state/rl20.git-hooks/commit-msg: Permission denied
rm: /private/var/folders/qw/fh5wf_hn25x4f712lv79r_480000gn/T/fm-control-relaunch.bwfUuk/crewcfg-30108/home/state/rl20.git-hooks/pre-push: Permission denied
rm: /private/var/folders/qw/fh5wf_hn25x4f712lv79r_480000gn/T/fm-control-relaunch.bwfUuk/crewcfg-30108/home/state/rl20.git-hooks/post-merge: Permission denied
rm: /private/var/folders/qw/fh5wf_hn25x4f712lv79r_480000gn/T/fm-control-relaunch.bwfUuk/crewcfg-30108/home/state/rl20.git-hooks/pre-commit: Permission denied
rm: /private/var/folders/qw/fh5wf_hn25x4f712lv79r_480000gn/T/fm-control-relaunch.bwfUuk/crewcfg-30108/home/state/rl20.git-hooks: Directory not empty
rm: /private/var/folders/qw/fh5wf_hn25x4f712lv79r_480000gn/T/fm-control-relaunch.bwfUuk/crewcfg-30108/home/state: Directory not empty
rm: /private/var/folders/qw/fh5wf_hn25x4f712lv79r_480000gn/T/fm-control-relaunch.bwfUuk/crewcfg-30108/home: Directory not empty
rm: /private/var/folders/qw/fh5wf_hn25x4f712lv79r_480000gn/T/fm-control-relaunch.bwfUuk/crewcfg-30108: Directory not empty
rm: /private/var/folders/qw/fh5wf_hn25x4f712lv79r_480000gn/T/fm-control-relaunch.bwfUuk/linked-home-5529/home/state/rl42.git-hooks/pre-rebase: Permission denied
rm: /private/var/folders/qw/fh5wf_hn25x4f712lv79r_480000gn/T/fm-control-relaunch.bwfUuk/linked-home-5529/home/state/rl42.git-hooks/pre-applypatch: Permission denied
rm: /private/var/folders/qw/fh5wf_hn25x4f712lv79r_480000gn/T/fm-control-relaunch.bwfUuk/linked-home-5529/home/state/rl42.git-hooks/pre-auto-gc: Permission denied
rm: /private/var/folders/qw/fh5wf_hn25x4f712lv79r_480000gn/T/fm-control-relaunch.bwfUuk/linked-home-5529/home/state/rl42.git-hooks/pre-merge-commit: Permission denied
rm: /private/var/folders/qw/fh5wf_hn25x4f712lv79r_480000gn/T/fm-control-relaunch.bwfUuk/linked-home-5529/home/state/rl42.git-hooks/post-commit: Permission denied
rm: /private/var/folders/qw/fh5wf_hn25x4f712lv79r_480000gn/T/fm-control-relaunch.bwfUuk/linked-home-5529/home/state/rl42.git-hooks/sendemail-validate: Permission denied
rm: /private/var/folders/qw/fh5wf_hn25x4f712lv79r_480000gn/T/fm-control-relaunch.bwfUuk/linked-home-5529/home/state/rl42.git-hooks/applypatch-msg: Permission denied
rm: /private/var/folders/qw/fh5wf_hn25x4f712lv79r_480000gn/T/fm-control-relaunch.bwfUuk/linked-home-5529/home/state/rl42.git-hooks/prepare-commit-msg: Permission denied
rm: /private/var/folders/qw/fh5wf_hn25x4f712lv79r_480000gn/T/fm-control-relaunch.bwfUuk/linked-home-5529/home/state/rl42.git-hooks/post-checkout: Permission denied
rm: /private/var/folders/qw/fh5wf_hn25x4f712lv79r_480000gn/T/fm-control-relaunch.bwfUuk/linked-home-5529/home/state/rl42.git-hooks/post-applypatch: Permission denied
rm: /private/var/folders/qw/fh5wf_hn25x4f712lv79r_480000gn/T/fm-control-relaunch.bwfUuk/linked-home-5529/home/state/rl42.git-hooks/post-rewrite: Permission denied
rm: /private/var/folders/qw/fh5wf_hn25x4f712lv79r_480000gn/T/fm-control-relaunch.bwfUuk/linked-home-5529/home/state/rl42.git-hooks/commit-msg: Permission denied
rm: /private/var/folders/qw/fh5wf_hn25x4f712lv79r_480000gn/T/fm-control-relaunch.bwfUuk/linked-home-5529/home/state/rl42.git-hooks/pre-push: Permission denied
rm: /private/var/folders/qw/fh5wf_hn25x4f712lv79r_480000gn/T/fm-control-relaunch.bwfUuk/linked-home-5529/home/state/rl42.git-hooks/post-merge: Permission denied
rm: /private/var/folders/qw/fh5wf_hn25x4f712lv79r_480000gn/T/fm-control-relaunch.bwfUuk/linked-home-5529/home/state/rl42.git-hooks/pre-commit: Permission denied
rm: /private/var/folders/qw/fh5wf_hn25x4f712lv79r_480000gn/T/fm-control-relaunch.bwfUuk/linked-home-5529/home/state/rl42.git-hooks: Directory not empty
rm: /private/var/folders/qw/fh5wf_hn25x4f712lv79r_480000gn/T/fm-control-relaunch.bwfUuk/linked-home-5529/home/state: Directory not empty
rm: /private/var/folders/qw/fh5wf_hn25x4f712lv79r_480000gn/T/fm-control-relaunch.bwfUuk/linked-home-5529/home: Directory not empty
rm: /private/var/folders/qw/fh5wf_hn25x4f712lv79r_480000gn/T/fm-control-relaunch.bwfUuk/linked-home-5529: Directory not empty
rm: /private/var/folders/qw/fh5wf_hn25x4f712lv79r_480000gn/T/fm-control-relaunch.bwfUuk/pi-exclude-30454/home/state/rl-pi-excl.git-hooks/pre-rebase: Permission denied
rm: /private/var/folders/qw/fh5wf_hn25x4f712lv79r_480000gn/T/fm-control-relaunch.bwfUuk/pi-exclude-30454/home/state/rl-pi-excl.git-hooks/pre-applypatch: Permission denied
rm: /private/var/folders/qw/fh5wf_hn25x4f712lv79r_480000gn/T/fm-control-relaunch.bwfUuk/pi-exclude-30454/home/state/rl-pi-excl.git-hooks/pre-auto-gc: Permission denied
rm: /private/var/folders/qw/fh5wf_hn25x4f712lv79r_480000gn/T/fm-control-relaunch.bwfUuk/pi-exclude-30454/home/state/rl-pi-excl.git-hooks/pre-merge-commit: Permission denied
rm: /private/var/folders/qw/fh5wf_hn25x4f712lv79r_480000gn/T/fm-control-relaunch.bwfUuk/pi-exclude-30454/home/state/rl-pi-excl.git-hooks/post-commit: Permission denied
rm: /private/var/folders/qw/fh5wf_hn25x4f712lv79r_480000gn/T/fm-control-relaunch.bwfUuk/pi-exclude-30454/home/state/rl-pi-excl.git-hooks/sendemail-validate: Permission denied
rm: /private/var/folders/qw/fh5wf_hn25x4f712lv79r_480000gn/T/fm-control-relaunch.bwfUuk/pi-exclude-30454/home/state/rl-pi-excl.git-hooks/applypatch-msg: Permission denied
rm: /private/var/folders/qw/fh5wf_hn25x4f712lv79r_480000gn/T/fm-control-relaunch.bwfUuk/pi-exclude-30454/home/state/rl-pi-excl.git-hooks/prepare-commit-msg: Permission denied
rm: /private/var/folders/qw/fh5wf_hn25x4f712lv79r_480000gn/T/fm-control-relaunch.bwfUuk/pi-exclude-30454/home/state/rl-pi-excl.git-hooks/post-checkout: Permission denied
rm: /private/var/folders/qw/fh5wf_hn25x4f712lv79r_480000gn/T/fm-control-relaunch.bwfUuk/pi-exclude-30454/home/state/rl-pi-excl.git-hooks/post-applypatch: Permission denied
rm: /private/var/folders/qw/fh5wf_hn25x4f712lv79r_480000gn/T/fm-control-relaunch.bwfUuk/pi-exclude-30454/home/state/rl-pi-excl.git-hooks/post-rewrite: Permission denied
rm: /private/var/folders/qw/fh5wf_hn25x4f712lv79r_480000gn/T/fm-control-relaunch.bwfUuk/pi-exclude-30454/home/state/rl-pi-excl.git-hooks/commit-msg: Permission denied
rm: /private/var/folders/qw/fh5wf_hn25x4f712lv79r_480000gn/T/fm-control-relaunch.bwfUuk/pi-exclude-30454/home/state/rl-pi-excl.git-hooks/pre-push: Permission denied
rm: /private/var/folders/qw/fh5wf_hn25x4f712lv79r_480000gn/T/fm-control-relaunch.bwfUuk/pi-exclude-30454/home/state/rl-pi-excl.git-hooks/post-merge: Permission denied
rm: /private/var/folders/qw/fh5wf_hn25x4f712lv79r_480000gn/T/fm-control-relaunch.bwfUuk/pi-exclude-30454/home/state/rl-pi-excl.git-hooks/pre-commit: Permission denied
rm: /private/var/folders/qw/fh5wf_hn25x4f712lv79r_480000gn/T/fm-control-relaunch.bwfUuk/pi-exclude-30454/home/state/rl-pi-excl.git-hooks: Directory not empty
rm: /private/var/folders/qw/fh5wf_hn25x4f712lv79r_480000gn/T/fm-control-relaunch.bwfUuk/pi-exclude-30454/home/state: Directory not empty
rm: /private/var/folders/qw/fh5wf_hn25x4f712lv79r_480000gn/T/fm-control-relaunch.bwfUuk/pi-exclude-30454/home: Directory not empty
rm: /private/var/folders/qw/fh5wf_hn25x4f712lv79r_480000gn/T/fm-control-relaunch.bwfUuk/pi-exclude-30454: Directory not empty
rm: /private/var/folders/qw/fh5wf_hn25x4f712lv79r_480000gn/T/fm-control-relaunch.bwfUuk/same-298/home/state/rl1.git-hooks/pre-rebase: Permission denied
rm: /private/var/folders/qw/fh5wf_hn25x4f712lv79r_480000gn/T/fm-control-relaunch.bwfUuk/same-298/home/state/rl1.git-hooks/pre-applypatch: Permission denied
rm: /private/var/folders/qw/fh5wf_hn25x4f712lv79r_480000gn/T/fm-control-relaunch.bwfUuk/same-298/home/state/rl1.git-hooks/pre-auto-gc: Permission denied
rm: /private/var/folders/qw/fh5wf_hn25x4f712lv79r_480000gn/T/fm-control-relaunch.bwfUuk/same-298/home/state/rl1.git-hooks/pre-merge-commit: Permission denied
rm: /private/var/folders/qw/fh5wf_hn25x4f712lv79r_480000gn/T/fm-control-relaunch.bwfUuk/same-298/home/state/rl1.git-hooks/post-commit: Permission denied
rm: /private/var/folders/qw/fh5wf_hn25x4f712lv79r_480000gn/T/fm-control-relaunch.bwfUuk/same-298/home/state/rl1.git-hooks/sendemail-validate: Permission denied
rm: /private/var/folders/qw/fh5wf_hn25x4f712lv79r_480000gn/T/fm-control-relaunch.bwfUuk/same-298/home/state/rl1.git-hooks/applypatch-msg: Permission denied
rm: /private/var/folders/qw/fh5wf_hn25x4f712lv79r_480000gn/T/fm-control-relaunch.bwfUuk/same-298/home/state/rl1.git-hooks/prepare-commit-msg: Permission denied
rm: /private/var/folders/qw/fh5wf_hn25x4f712lv79r_480000gn/T/fm-control-relaunch.bwfUuk/same-298/home/state/rl1.git-hooks/post-checkout: Permission denied
rm: /private/var/folders/qw/fh5wf_hn25x4f712lv79r_480000gn/T/fm-control-relaunch.bwfUuk/same-298/home/state/rl1.git-hooks/post-applypatch: Permission denied
rm: /private/var/folders/qw/fh5wf_hn25x4f712lv79r_480000gn/T/fm-control-relaunch.bwfUuk/same-298/home/state/rl1.git-hooks/post-rewrite: Permission denied
rm: /private/var/folders/qw/fh5wf_hn25x4f712lv79r_480000gn/T/fm-control-relaunch.bwfUuk/same-298/home/state/rl1.git-hooks/commit-msg: Permission denied
rm: /private/var/folders/qw/fh5wf_hn25x4f712lv79r_480000gn/T/fm-control-relaunch.bwfUuk/same-298/home/state/rl1.git-hooks/pre-push: Permission denied
rm: /private/var/folders/qw/fh5wf_hn25x4f712lv79r_480000gn/T/fm-control-relaunch.bwfUuk/same-298/home/state/rl1.git-hooks/post-merge: Permission denied
rm: /private/var/folders/qw/fh5wf_hn25x4f712lv79r_480000gn/T/fm-control-relaunch.bwfUuk/same-298/home/state/rl1.git-hooks/pre-commit: Permission denied
rm: /private/var/folders/qw/fh5wf_hn25x4f712lv79r_480000gn/T/fm-control-relaunch.bwfUuk/same-298/home/state/rl1.git-hooks: Directory not empty
rm: /private/var/folders/qw/fh5wf_hn25x4f712lv79r_480000gn/T/fm-control-relaunch.bwfUuk/same-298/home/state: Directory not empty
rm: /private/var/folders/qw/fh5wf_hn25x4f712lv79r_480000gn/T/fm-control-relaunch.bwfUuk/same-298/home: Directory not empty
rm: /private/var/folders/qw/fh5wf_hn25x4f712lv79r_480000gn/T/fm-control-relaunch.bwfUuk/same-298: Directory not empty
rm: /private/var/folders/qw/fh5wf_hn25x4f712lv79r_480000gn/T/fm-control-relaunch.bwfUuk/smfindrace-28358/home/state/sm6.git-hooks/pre-rebase: Permission denied
rm: /private/var/folders/qw/fh5wf_hn25x4f712lv79r_480000gn/T/fm-control-relaunch.bwfUuk/smfindrace-28358/home/state/sm6.git-hooks/pre-applypatch: Permission denied
rm: /private/var/folders/qw/fh5wf_hn25x4f712lv79r_480000gn/T/fm-control-relaunch.bwfUuk/smfindrace-28358/home/state/sm6.git-hooks/pre-auto-gc: Permission denied
rm: /private/var/folders/qw/fh5wf_hn25x4f712lv79r_480000gn/T/fm-control-relaunch.bwfUuk/smfindrace-28358/home/state/sm6.git-hooks/pre-merge-commit: Permission denied
rm: /private/var/folders/qw/fh5wf_hn25x4f712lv79r_480000gn/T/fm-control-relaunch.bwfUuk/smfindrace-28358/home/state/sm6.git-hooks/post-commit: Permission denied
rm: /private/var/folders/qw/fh5wf_hn25x4f712lv79r_480000gn/T/fm-control-relaunch.bwfUuk/smfindrace-28358/home/state/sm6.git-hooks/sendemail-validate: Permission denied
rm: /private/var/folders/qw/fh5wf_hn25x4f712lv79r_480000gn/T/fm-control-relaunch.bwfUuk/smfindrace-28358/home/state/sm6.git-hooks/applypatch-msg: Permission denied
rm: /private/var/folders/qw/fh5wf_hn25x4f712lv79r_480000gn/T/fm-control-relaunch.bwfUuk/smfindrace-28358/home/state/sm6.git-hooks/prepare-commit-msg: Permission denied
rm: /private/var/folders/qw/fh5wf_hn25x4f712lv79r_480000gn/T/fm-control-relaunch.bwfUuk/smfindrace-28358/home/state/sm6.git-hooks/post-checkout: Permission denied
rm: /private/var/folders/qw/fh5wf_hn25x4f712lv79r_480000gn/T/fm-control-relaunch.bwfUuk/smfindrace-28358/home/state/sm6.git-hooks/post-applypatch: Permission denied
rm: /private/var/folders/qw/fh5wf_hn25x4f712lv79r_480000gn/T/fm-control-relaunch.bwfUuk/smfindrace-28358/home/state/sm6.git-hooks/post-rewrite: Permission denied
rm: /private/var/folders/qw/fh5wf_hn25x4f712lv79r_480000gn/T/fm-control-relaunch.bwfUuk/smfindrace-28358/home/state/sm6.git-hooks/commit-msg: Permission denied
rm: /private/var/folders/qw/fh5wf_hn25x4f712lv79r_480000gn/T/fm-control-relaunch.bwfUuk/smfindrace-28358/home/state/sm6.git-hooks/pre-push: Permission denied
rm: /private/var/folders/qw/fh5wf_hn25x4f712lv79r_480000gn/T/fm-control-relaunch.bwfUuk/smfindrace-28358/home/state/sm6.git-hooks/post-merge: Permission denied
rm: /private/var/folders/qw/fh5wf_hn25x4f712lv79r_480000gn/T/fm-control-relaunch.bwfUuk/smfindrace-28358/home/state/sm6.git-hooks/pre-commit: Permission denied
rm: /private/var/folders/qw/fh5wf_hn25x4f712lv79r_480000gn/T/fm-control-relaunch.bwfUuk/smfindrace-28358/home/state/sm6.git-hooks: Directory not empty
rm: /private/var/folders/qw/fh5wf_hn25x4f712lv79r_480000gn/T/fm-control-relaunch.bwfUuk/smfindrace-28358/home/state: Directory not empty
rm: /private/var/folders/qw/fh5wf_hn25x4f712lv79r_480000gn/T/fm-control-relaunch.bwfUuk/smfindrace-28358/home: Directory not empty
rm: /private/var/folders/qw/fh5wf_hn25x4f712lv79r_480000gn/T/fm-control-relaunch.bwfUuk/smfindrace-28358: Directory not empty
rm: /private/var/folders/qw/fh5wf_hn25x4f712lv79r_480000gn/T/fm-control-relaunch.bwfUuk/profile-12691/home/state/rl5.git-hooks/pre-rebase: Permission denied
rm: /private/var/folders/qw/fh5wf_hn25x4f712lv79r_480000gn/T/fm-control-relaunch.bwfUuk/profile-12691/home/state/rl5.git-hooks/pre-applypatch: Permission denied
rm: /private/var/folders/qw/fh5wf_hn25x4f712lv79r_480000gn/T/fm-control-relaunch.bwfUuk/profile-12691/home/state/rl5.git-hooks/pre-auto-gc: Permission denied
rm: /private/var/folders/qw/fh5wf_hn25x4f712lv79r_480000gn/T/fm-control-relaunch.bwfUuk/profile-12691/home/state/rl5.git-hooks/pre-merge-commit: Permission denied
rm: /private/var/folders/qw/fh5wf_hn25x4f712lv79r_480000gn/T/fm-control-relaunch.bwfUuk/profile-12691/home/state/rl5.git-hooks/post-commit: Permission denied
rm: /private/var/folders/qw/fh5wf_hn25x4f712lv79r_480000gn/T/fm-control-relaunch.bwfUuk/profile-12691/home/state/rl5.git-hooks/sendemail-validate: Permission denied
rm: /private/var/folders/qw/fh5wf_hn25x4f712lv79r_480000gn/T/fm-control-relaunch.bwfUuk/profile-12691/home/state/rl5.git-hooks/applypatch-msg: Permission denied
rm: /private/var/folders/qw/fh5wf_hn25x4f712lv79r_480000gn/T/fm-control-relaunch.bwfUuk/profile-12691/home/state/rl5.git-hooks/prepare-commit-msg: Permission denied
rm: /private/var/folders/qw/fh5wf_hn25x4f712lv79r_480000gn/T/fm-control-relaunch.bwfUuk/profile-12691/home/state/rl5.git-hooks/post-checkout: Permission denied
rm: /private/var/folders/qw/fh5wf_hn25x4f712lv79r_480000gn/T/fm-control-relaunch.bwfUuk/profile-12691/home/state/rl5.git-hooks/post-applypatch: Permission denied
rm: /private/var/folders/qw/fh5wf_hn25x4f712lv79r_480000gn/T/fm-control-relaunch.bwfUuk/profile-12691/home/state/rl5.git-hooks/post-rewrite: Permission denied
rm: /private/var/folders/qw/fh5wf_hn25x4f712lv79r_480000gn/T/fm-control-relaunch.bwfUuk/profile-12691/home/state/rl5.git-hooks/commit-msg: Permission denied
rm: /private/var/folders/qw/fh5wf_hn25x4f712lv79r_480000gn/T/fm-control-relaunch.bwfUuk/profile-12691/home/state/rl5.git-hooks/pre-push: Permission denied
rm: /private/var/folders/qw/fh5wf_hn25x4f712lv79r_480000gn/T/fm-control-relaunch.bwfUuk/profile-12691/home/state/rl5.git-hooks/post-merge: Permission denied
rm: /private/var/folders/qw/fh5wf_hn25x4f712lv79r_480000gn/T/fm-control-relaunch.bwfUuk/profile-12691/home/state/rl5.git-hooks/pre-commit: Permission denied
rm: /private/var/folders/qw/fh5wf_hn25x4f712lv79r_480000gn/T/fm-control-relaunch.bwfUuk/profile-12691/home/state/rl5.git-hooks: Directory not empty
rm: /private/var/folders/qw/fh5wf_hn25x4f712lv79r_480000gn/T/fm-control-relaunch.bwfUuk/profile-12691/home/state: Directory not empty
rm: /private/var/folders/qw/fh5wf_hn25x4f712lv79r_480000gn/T/fm-control-relaunch.bwfUuk/profile-12691/home: Directory not empty
rm: /private/var/folders/qw/fh5wf_hn25x4f712lv79r_480000gn/T/fm-control-relaunch.bwfUuk/profile-12691: Directory not empty
rm: /private/var/folders/qw/fh5wf_hn25x4f712lv79r_480000gn/T/fm-control-relaunch.bwfUuk/invalid-effort-27048/home/state/sm6.git-hooks/pre-rebase: Permission denied
rm: /private/var/folders/qw/fh5wf_hn25x4f712lv79r_480000gn/T/fm-control-relaunch.bwfUuk/invalid-effort-27048/home/state/sm6.git-hooks/pre-applypatch: Permission denied
rm: /private/var/folders/qw/fh5wf_hn25x4f712lv79r_480000gn/T/fm-control-relaunch.bwfUuk/invalid-effort-27048/home/state/sm6.git-hooks/pre-auto-gc: Permission denied
rm: /private/var/folders/qw/fh5wf_hn25x4f712lv79r_480000gn/T/fm-control-relaunch.bwfUuk/invalid-effort-27048/home/state/sm6.git-hooks/pre-merge-commit: Permission denied
rm: /private/var/folders/qw/fh5wf_hn25x4f712lv79r_480000gn/T/fm-control-relaunch.bwfUuk/invalid-effort-27048/home/state/sm6.git-hooks/post-commit: Permission denied
rm: /private/var/folders/qw/fh5wf_hn25x4f712lv79r_480000gn/T/fm-control-relaunch.bwfUuk/invalid-effort-27048/home/state/sm6.git-hooks/sendemail-validate: Permission denied
rm: /private/var/folders/qw/fh5wf_hn25x4f712lv79r_480000gn/T/fm-control-relaunch.bwfUuk/invalid-effort-27048/home/state/sm6.git-hooks/applypatch-msg: Permission denied
rm: /private/var/folders/qw/fh5wf_hn25x4f712lv79r_480000gn/T/fm-control-relaunch.bwfUuk/invalid-effort-27048/home/state/sm6.git-hooks/prepare-commit-msg: Permission denied
rm: /private/var/folders/qw/fh5wf_hn25x4f712lv79r_480000gn/T/fm-control-relaunch.bwfUuk/invalid-effort-27048/home/state/sm6.git-hooks/post-checkout: Permission denied
rm: /private/var/folders/qw/fh5wf_hn25x4f712lv79r_480000gn/T/fm-control-relaunch.bwfUuk/invalid-effort-27048/home/state/sm6.git-hooks/post-applypatch: Permission denied
rm: /private/var/folders/qw/fh5wf_hn25x4f712lv79r_480000gn/T/fm-control-relaunch.bwfUuk/invalid-effort-27048/home/state/sm6.git-hooks/post-rewrite: Permission denied
rm: /private/var/folders/qw/fh5wf_hn25x4f712lv79r_480000gn/T/fm-control-relaunch.bwfUuk/invalid-effort-27048/home/state/sm6.git-hooks/commit-msg: Permission denied
rm: /private/var/folders/qw/fh5wf_hn25x4f712lv79r_480000gn/T/fm-control-relaunch.bwfUuk/invalid-effort-27048/home/state/sm6.git-hooks/pre-push: Permission denied
rm: /private/var/folders/qw/fh5wf_hn25x4f712lv79r_480000gn/T/fm-control-relaunch.bwfUuk/invalid-effort-27048/home/state/sm6.git-hooks/post-merge: Permission denied
rm: /private/var/folders/qw/fh5wf_hn25x4f712lv79r_480000gn/T/fm-control-relaunch.bwfUuk/invalid-effort-27048/home/state/sm6.git-hooks/pre-commit: Permission denied
rm: /private/var/folders/qw/fh5wf_hn25x4f712lv79r_480000gn/T/fm-control-relaunch.bwfUuk/invalid-effort-27048/home/state/sm6.git-hooks: Directory not empty
rm: /private/var/folders/qw/fh5wf_hn25x4f712lv79r_480000gn/T/fm-control-relaunch.bwfUuk/invalid-effort-27048/home/state: Directory not empty
rm: /private/var/folders/qw/fh5wf_hn25x4f712lv79r_480000gn/T/fm-control-relaunch.bwfUuk/invalid-effort-27048/home: Directory not empty
rm: /private/var/folders/qw/fh5wf_hn25x4f712lv79r_480000gn/T/fm-control-relaunch.bwfUuk/invalid-effort-27048: Directory not empty
rm: /private/var/folders/qw/fh5wf_hn25x4f712lv79r_480000gn/T/fm-control-relaunch.bwfUuk/switch-29257/home/state/rl4.git-hooks/pre-rebase: Permission denied
rm: /private/var/folders/qw/fh5wf_hn25x4f712lv79r_480000gn/T/fm-control-relaunch.bwfUuk/switch-29257/home/state/rl4.git-hooks/pre-applypatch: Permission denied
rm: /private/var/folders/qw/fh5wf_hn25x4f712lv79r_480000gn/T/fm-control-relaunch.bwfUuk/switch-29257/home/state/rl4.git-hooks/pre-auto-gc: Permission denied
rm: /private/var/folders/qw/fh5wf_hn25x4f712lv79r_480000gn/T/fm-control-relaunch.bwfUuk/switch-29257/home/state/rl4.git-hooks/pre-merge-commit: Permission denied
rm: /private/var/folders/qw/fh5wf_hn25x4f712lv79r_480000gn/T/fm-control-relaunch.bwfUuk/switch-29257/home/state/rl4.git-hooks/post-commit: Permission denied
rm: /private/var/folders/qw/fh5wf_hn25x4f712lv79r_480000gn/T/fm-control-relaunch.bwfUuk/switch-29257/home/state/rl4.git-hooks/sendemail-validate: Permission denied
rm: /private/var/folders/qw/fh5wf_hn25x4f712lv79r_480000gn/T/fm-control-relaunch.bwfUuk/switch-29257/home/state/rl4.git-hooks/applypatch-msg: Permission denied
rm: /private/var/folders/qw/fh5wf_hn25x4f712lv79r_480000gn/T/fm-control-relaunch.bwfUuk/switch-29257/home/state/rl4.git-hooks/prepare-commit-msg: Permission denied
rm: /private/var/folders/qw/fh5wf_hn25x4f712lv79r_480000gn/T/fm-control-relaunch.bwfUuk/switch-29257/home/state/rl4.git-hooks/post-checkout: Permission denied
rm: /private/var/folders/qw/fh5wf_hn25x4f712lv79r_480000gn/T/fm-control-relaunch.bwfUuk/switch-29257/home/state/rl4.git-hooks/post-applypatch: Permission denied
rm: /private/var/folders/qw/fh5wf_hn25x4f712lv79r_480000gn/T/fm-control-relaunch.bwfUuk/switch-29257/home/state/rl4.git-hooks/post-rewrite: Permission denied
rm: /private/var/folders/qw/fh5wf_hn25x4f712lv79r_480000gn/T/fm-control-relaunch.bwfUuk/switch-29257/home/state/rl4.git-hooks/commit-msg: Permission denied
rm: /private/var/folders/qw/fh5wf_hn25x4f712lv79r_480000gn/T/fm-control-relaunch.bwfUuk/switch-29257/home/state/rl4.git-hooks/pre-push: Permission denied
rm: /private/var/folders/qw/fh5wf_hn25x4f712lv79r_480000gn/T/fm-control-relaunch.bwfUuk/switch-29257/home/state/rl4.git-hooks/post-merge: Permission denied
rm: /private/var/folders/qw/fh5wf_hn25x4f712lv79r_480000gn/T/fm-control-relaunch.bwfUuk/switch-29257/home/state/rl4.git-hooks/pre-commit: Permission denied
rm: /private/var/folders/qw/fh5wf_hn25x4f712lv79r_480000gn/T/fm-control-relaunch.bwfUuk/switch-29257/home/state/rl4.git-hooks: Directory not empty
rm: /private/var/folders/qw/fh5wf_hn25x4f712lv79r_480000gn/T/fm-control-relaunch.bwfUuk/switch-29257/home/state: Directory not empty
rm: /private/var/folders/qw/fh5wf_hn25x4f712lv79r_480000gn/T/fm-control-relaunch.bwfUuk/switch-29257/home: Directory not empty
rm: /private/var/folders/qw/fh5wf_hn25x4f712lv79r_480000gn/T/fm-control-relaunch.bwfUuk/switch-29257: Directory not empty
rm: /private/var/folders/qw/fh5wf_hn25x4f712lv79r_480000gn/T/fm-control-relaunch.bwfUuk/grokauth-20538/home/state/rl9.git-hooks/pre-rebase: Permission denied
rm: /private/var/folders/qw/fh5wf_hn25x4f712lv79r_480000gn/T/fm-control-relaunch.bwfUuk/grokauth-20538/home/state/rl9.git-hooks/pre-applypatch: Permission denied
rm: /private/var/folders/qw/fh5wf_hn25x4f712lv79r_480000gn/T/fm-control-relaunch.bwfUuk/grokauth-20538/home/state/rl9.git-hooks/pre-auto-gc: Permission denied
rm: /private/var/folders/qw/fh5wf_hn25x4f712lv79r_480000gn/T/fm-control-relaunch.bwfUuk/grokauth-20538/home/state/rl9.git-hooks/pre-merge-commit: Permission denied
rm: /private/var/folders/qw/fh5wf_hn25x4f712lv79r_480000gn/T/fm-control-relaunch.bwfUuk/grokauth-20538/home/state/rl9.git-hooks/post-commit: Permission denied
rm: /private/var/folders/qw/fh5wf_hn25x4f712lv79r_480000gn/T/fm-control-relaunch.bwfUuk/grokauth-20538/home/state/rl9.git-hooks/sendemail-validate: Permission denied
rm: /private/var/folders/qw/fh5wf_hn25x4f712lv79r_480000gn/T/fm-control-relaunch.bwfUuk/grokauth-20538/home/state/rl9.git-hooks/applypatch-msg: Permission denied
rm: /private/var/folders/qw/fh5wf_hn25x4f712lv79r_480000gn/T/fm-control-relaunch.bwfUuk/grokauth-20538/home/state/rl9.git-hooks/prepare-commit-msg: Permission denied
rm: /private/var/folders/qw/fh5wf_hn25x4f712lv79r_480000gn/T/fm-control-relaunch.bwfUuk/grokauth-20538/home/state/rl9.git-hooks/post-checkout: Permission denied
rm: /private/var/folders/qw/fh5wf_hn25x4f712lv79r_480000gn/T/fm-control-relaunch.bwfUuk/grokauth-20538/home/state/rl9.git-hooks/post-applypatch: Permission denied
rm: /private/var/folders/qw/fh5wf_hn25x4f712lv79r_480000gn/T/fm-control-relaunch.bwfUuk/grokauth-20538/home/state/rl9.git-hooks/post-rewrite: Permission denied
rm: /private/var/folders/qw/fh5wf_hn25x4f712lv79r_480000gn/T/fm-control-relaunch.bwfUuk/grokauth-20538/home/state/rl9.git-hooks/commit-msg: Permission denied
rm: /private/var/folders/qw/fh5wf_hn25x4f712lv79r_480000gn/T/fm-control-relaunch.bwfUuk/grokauth-20538/home/state/rl9.git-hooks/pre-push: Permission denied
rm: /private/var/folders/qw/fh5wf_hn25x4f712lv79r_480000gn/T/fm-control-relaunch.bwfUuk/grokauth-20538/home/state/rl9.git-hooks/post-merge: Permission denied
rm: /private/var/folders/qw/fh5wf_hn25x4f712lv79r_480000gn/T/fm-control-relaunch.bwfUuk/grokauth-20538/home/state/rl9.git-hooks/pre-commit: Permission denied
rm: /private/var/folders/qw/fh5wf_hn25x4f712lv79r_480000gn/T/fm-control-relaunch.bwfUuk/grokauth-20538/home/state/rl9.git-hooks: Directory not empty
rm: /private/var/folders/qw/fh5wf_hn25x4f712lv79r_480000gn/T/fm-control-relaunch.bwfUuk/grokauth-20538/home/state: Directory not empty
rm: /private/var/folders/qw/fh5wf_hn25x4f712lv79r_480000gn/T/fm-control-relaunch.bwfUuk/grokauth-20538/home: Directory not empty
rm: /private/var/folders/qw/fh5wf_hn25x4f712lv79r_480000gn/T/fm-control-relaunch.bwfUuk/grokauth-20538: Directory not empty
rm: /private/var/folders/qw/fh5wf_hn25x4f712lv79r_480000gn/T/fm-control-relaunch.bwfUuk/promoted-scout-direct-PR-9922/home/state/rl-promoted-direct-PR.git-hooks/pre-rebase: Permission denied
rm: /private/var/folders/qw/fh5wf_hn25x4f712lv79r_480000gn/T/fm-control-relaunch.bwfUuk/promoted-scout-direct-PR-9922/home/state/rl-promoted-direct-PR.git-hooks/pre-applypatch: Permission denied
rm: /private/var/folders/qw/fh5wf_hn25x4f712lv79r_480000gn/T/fm-control-relaunch.bwfUuk/promoted-scout-direct-PR-9922/home/state/rl-promoted-direct-PR.git-hooks/pre-auto-gc: Permission denied
rm: /private/var/folders/qw/fh5wf_hn25x4f712lv79r_480000gn/T/fm-control-relaunch.bwfUuk/promoted-scout-direct-PR-9922/home/state/rl-promoted-direct-PR.git-hooks/pre-merge-commit: Permission denied
rm: /private/var/folders/qw/fh5wf_hn25x4f712lv79r_480000gn/T/fm-control-relaunch.bwfUuk/promoted-scout-direct-PR-9922/home/state/rl-promoted-direct-PR.git-hooks/post-commit: Permission denied
rm: /private/var/folders/qw/fh5wf_hn25x4f712lv79r_480000gn/T/fm-control-relaunch.bwfUuk/promoted-scout-direct-PR-9922/home/state/rl-promoted-direct-PR.git-hooks/sendemail-validate: Permission denied
rm: /private/var/folders/qw/fh5wf_hn25x4f712lv79r_480000gn/T/fm-control-relaunch.bwfUuk/promoted-scout-direct-PR-9922/home/state/rl-promoted-direct-PR.git-hooks/applypatch-msg: Permission denied
rm: /private/var/folders/qw/fh5wf_hn25x4f712lv79r_480000gn/T/fm-control-relaunch.bwfUuk/promoted-scout-direct-PR-9922/home/state/rl-promoted-direct-PR.git-hooks/prepare-commit-msg: Permission denied
rm: /private/var/folders/qw/fh5wf_hn25x4f712lv79r_480000gn/T/fm-control-relaunch.bwfUuk/promoted-scout-direct-PR-9922/home/state/rl-promoted-direct-PR.git-hooks/post-checkout: Permission denied
rm: /private/var/folders/qw/fh5wf_hn25x4f712lv79r_480000gn/T/fm-control-relaunch.bwfUuk/promoted-scout-direct-PR-9922/home/state/rl-promoted-direct-PR.git-hooks/post-applypatch: Permission denied
rm: /private/var/folders/qw/fh5wf_hn25x4f712lv79r_480000gn/T/fm-control-relaunch.bwfUuk/promoted-scout-direct-PR-9922/home/state/rl-promoted-direct-PR.git-hooks/post-rewrite: Permission denied
rm: /private/var/folders/qw/fh5wf_hn25x4f712lv79r_480000gn/T/fm-control-relaunch.bwfUuk/promoted-scout-direct-PR-9922/home/state/rl-promoted-direct-PR.git-hooks/commit-msg: Permission denied
rm: /private/var/folders/qw/fh5wf_hn25x4f712lv79r_480000gn/T/fm-control-relaunch.bwfUuk/promoted-scout-direct-PR-9922/home/state/rl-promoted-direct-PR.git-hooks/pre-push: Permission denied
rm: /private/var/folders/qw/fh5wf_hn25x4f712lv79r_480000gn/T/fm-control-relaunch.bwfUuk/promoted-scout-direct-PR-9922/home/state/rl-promoted-direct-PR.git-hooks/post-merge: Permission denied
rm: /private/var/folders/qw/fh5wf_hn25x4f712lv79r_480000gn/T/fm-control-relaunch.bwfUuk/promoted-scout-direct-PR-9922/home/state/rl-promoted-direct-PR.git-hooks/pre-commit: Permission denied
rm: /private/var/folders/qw/fh5wf_hn25x4f712lv79r_480000gn/T/fm-control-relaunch.bwfUuk/promoted-scout-direct-PR-9922/home/state/rl-promoted-direct-PR.git-hooks: Directory not empty
rm: /private/var/folders/qw/fh5wf_hn25x4f712lv79r_480000gn/T/fm-control-relaunch.bwfUuk/promoted-scout-direct-PR-9922/home/state: Directory not empty
rm: /private/var/folders/qw/fh5wf_hn25x4f712lv79r_480000gn/T/fm-control-relaunch.bwfUuk/promoted-scout-direct-PR-9922/home: Directory not empty
rm: /private/var/folders/qw/fh5wf_hn25x4f712lv79r_480000gn/T/fm-control-relaunch.bwfUuk/promoted-scout-direct-PR-9922: Directory not empty
rm: /private/var/folders/qw/fh5wf_hn25x4f712lv79r_480000gn/T/fm-control-relaunch.bwfUuk/promoted-scout-local-only-23278/home/state/rl-promoted-local-only.git-hooks/pre-rebase: Permission denied
rm: /private/var/folders/qw/fh5wf_hn25x4f712lv79r_480000gn/T/fm-control-relaunch.bwfUuk/promoted-scout-local-only-23278/home/state/rl-promoted-local-only.git-hooks/pre-applypatch: Permission denied
rm: /private/var/folders/qw/fh5wf_hn25x4f712lv79r_480000gn/T/fm-control-relaunch.bwfUuk/promoted-scout-local-only-23278/home/state/rl-promoted-local-only.git-hooks/pre-auto-gc: Permission denied
rm: /private/var/folders/qw/fh5wf_hn25x4f712lv79r_480000gn/T/fm-control-relaunch.bwfUuk/promoted-scout-local-only-23278/home/state/rl-promoted-local-only.git-hooks/pre-merge-commit: Permission denied
rm: /private/var/folders/qw/fh5wf_hn25x4f712lv79r_480000gn/T/fm-control-relaunch.bwfUuk/promoted-scout-local-only-23278/home/state/rl-promoted-local-only.git-hooks/post-commit: Permission denied
rm: /private/var/folders/qw/fh5wf_hn25x4f712lv79r_480000gn/T/fm-control-relaunch.bwfUuk/promoted-scout-local-only-23278/home/state/rl-promoted-local-only.git-hooks/sendemail-validate: Permission denied
rm: /private/var/folders/qw/fh5wf_hn25x4f712lv79r_480000gn/T/fm-control-relaunch.bwfUuk/promoted-scout-local-only-23278/home/state/rl-promoted-local-only.git-hooks/applypatch-msg: Permission denied
rm: /private/var/folders/qw/fh5wf_hn25x4f712lv79r_480000gn/T/fm-control-relaunch.bwfUuk/promoted-scout-local-only-23278/home/state/rl-promoted-local-only.git-hooks/prepare-commit-msg: Permission denied
rm: /private/var/folders/qw/fh5wf_hn25x4f712lv79r_480000gn/T/fm-control-relaunch.bwfUuk/promoted-scout-local-only-23278/home/state/rl-promoted-local-only.git-hooks/post-checkout: Permission denied
rm: /private/var/folders/qw/fh5wf_hn25x4f712lv79r_480000gn/T/fm-control-relaunch.bwfUuk/promoted-scout-local-only-23278/home/state/rl-promoted-local-only.git-hooks/post-applypatch: Permission denied
rm: /private/var/folders/qw/fh5wf_hn25x4f712lv79r_480000gn/T/fm-control-relaunch.bwfUuk/promoted-scout-local-only-23278/home/state/rl-promoted-local-only.git-hooks/post-rewrite: Permission denied
rm: /private/var/folders/qw/fh5wf_hn25x4f712lv79r_480000gn/T/fm-control-relaunch.bwfUuk/promoted-scout-local-only-23278/home/state/rl-promoted-local-only.git-hooks/commit-msg: Permission denied
rm: /private/var/folders/qw/fh5wf_hn25x4f712lv79r_480000gn/T/fm-control-relaunch.bwfUuk/promoted-scout-local-only-23278/home/state/rl-promoted-local-only.git-hooks/pre-push: Permission denied
rm: /private/var/folders/qw/fh5wf_hn25x4f712lv79r_480000gn/T/fm-control-relaunch.bwfUuk/promoted-scout-local-only-23278/home/state/rl-promoted-local-only.git-hooks/post-merge: Permission denied
rm: /private/var/folders/qw/fh5wf_hn25x4f712lv79r_480000gn/T/fm-control-relaunch.bwfUuk/promoted-scout-local-only-23278/home/state/rl-promoted-local-only.git-hooks/pre-commit: Permission denied
rm: /private/var/folders/qw/fh5wf_hn25x4f712lv79r_480000gn/T/fm-control-relaunch.bwfUuk/promoted-scout-local-only-23278/home/state/rl-promoted-local-only.git-hooks: Directory not empty
rm: /private/var/folders/qw/fh5wf_hn25x4f712lv79r_480000gn/T/fm-control-relaunch.bwfUuk/promoted-scout-local-only-23278/home/state: Directory not empty
rm: /private/var/folders/qw/fh5wf_hn25x4f712lv79r_480000gn/T/fm-control-relaunch.bwfUuk/promoted-scout-local-only-23278/home: Directory not empty
rm: /private/var/folders/qw/fh5wf_hn25x4f712lv79r_480000gn/T/fm-control-relaunch.bwfUuk/promoted-scout-local-only-23278: Directory not empty
rm: /private/var/folders/qw/fh5wf_hn25x4f712lv79r_480000gn/T/fm-control-relaunch.bwfUuk/polytokenrawprior-23833/home/state/rl46.git-hooks/pre-rebase: Permission denied
rm: /private/var/folders/qw/fh5wf_hn25x4f712lv79r_480000gn/T/fm-control-relaunch.bwfUuk/polytokenrawprior-23833/home/state/rl46.git-hooks/pre-applypatch: Permission denied
rm: /private/var/folders/qw/fh5wf_hn25x4f712lv79r_480000gn/T/fm-control-relaunch.bwfUuk/polytokenrawprior-23833/home/state/rl46.git-hooks/pre-auto-gc: Permission denied
rm: /private/var/folders/qw/fh5wf_hn25x4f712lv79r_480000gn/T/fm-control-relaunch.bwfUuk/polytokenrawprior-23833/home/state/rl46.git-hooks/pre-merge-commit: Permission denied
rm: /private/var/folders/qw/fh5wf_hn25x4f712lv79r_480000gn/T/fm-control-relaunch.bwfUuk/polytokenrawprior-23833/home/state/rl46.git-hooks/post-commit: Permission denied
rm: /private/var/folders/qw/fh5wf_hn25x4f712lv79r_480000gn/T/fm-control-relaunch.bwfUuk/polytokenrawprior-23833/home/state/rl46.git-hooks/sendemail-validate: Permission denied
rm: /private/var/folders/qw/fh5wf_hn25x4f712lv79r_480000gn/T/fm-control-relaunch.bwfUuk/polytokenrawprior-23833/home/state/rl46.git-hooks/applypatch-msg: Permission denied
rm: /private/var/folders/qw/fh5wf_hn25x4f712lv79r_480000gn/T/fm-control-relaunch.bwfUuk/polytokenrawprior-23833/home/state/rl46.git-hooks/prepare-commit-msg: Permission denied
rm: /private/var/folders/qw/fh5wf_hn25x4f712lv79r_480000gn/T/fm-control-relaunch.bwfUuk/polytokenrawprior-23833/home/state/rl46.git-hooks/post-checkout: Permission denied
rm: /private/var/folders/qw/fh5wf_hn25x4f712lv79r_480000gn/T/fm-control-relaunch.bwfUuk/polytokenrawprior-23833/home/state/rl46.git-hooks/post-applypatch: Permission denied
rm: /private/var/folders/qw/fh5wf_hn25x4f712lv79r_480000gn/T/fm-control-relaunch.bwfUuk/polytokenrawprior-23833/home/state/rl46.git-hooks/post-rewrite: Permission denied
rm: /private/var/folders/qw/fh5wf_hn25x4f712lv79r_480000gn/T/fm-control-relaunch.bwfUuk/polytokenrawprior-23833/home/state/rl46.git-hooks/commit-msg: Permission denied
rm: /private/var/folders/qw/fh5wf_hn25x4f712lv79r_480000gn/T/fm-control-relaunch.bwfUuk/polytokenrawprior-23833/home/state/rl46.git-hooks/pre-push: Permission denied
rm: /private/var/folders/qw/fh5wf_hn25x4f712lv79r_480000gn/T/fm-control-relaunch.bwfUuk/polytokenrawprior-23833/home/state/rl46.git-hooks/post-merge: Permission denied
rm: /private/var/folders/qw/fh5wf_hn25x4f712lv79r_480000gn/T/fm-control-relaunch.bwfUuk/polytokenrawprior-23833/home/state/rl46.git-hooks/pre-commit: Permission denied
rm: /private/var/folders/qw/fh5wf_hn25x4f712lv79r_480000gn/T/fm-control-relaunch.bwfUuk/polytokenrawprior-23833/home/state/rl46.git-hooks: Directory not empty
rm: /private/var/folders/qw/fh5wf_hn25x4f712lv79r_480000gn/T/fm-control-relaunch.bwfUuk/polytokenrawprior-23833/home/state: Directory not empty
rm: /private/var/folders/qw/fh5wf_hn25x4f712lv79r_480000gn/T/fm-control-relaunch.bwfUuk/polytokenrawprior-23833/home: Directory not empty
rm: /private/var/folders/qw/fh5wf_hn25x4f712lv79r_480000gn/T/fm-control-relaunch.bwfUuk/polytokenrawprior-23833: Directory not empty
rm: /private/var/folders/qw/fh5wf_hn25x4f712lv79r_480000gn/T/fm-control-relaunch.bwfUuk/dialog-file-relaunch-28195/home/state/rl71.git-hooks/pre-rebase: Permission denied
rm: /private/var/folders/qw/fh5wf_hn25x4f712lv79r_480000gn/T/fm-control-relaunch.bwfUuk/dialog-file-relaunch-28195/home/state/rl71.git-hooks/pre-applypatch: Permission denied
rm: /private/var/folders/qw/fh5wf_hn25x4f712lv79r_480000gn/T/fm-control-relaunch.bwfUuk/dialog-file-relaunch-28195/home/state/rl71.git-hooks/pre-auto-gc: Permission denied
rm: /private/var/folders/qw/fh5wf_hn25x4f712lv79r_480000gn/T/fm-control-relaunch.bwfUuk/dialog-file-relaunch-28195/home/state/rl71.git-hooks/pre-merge-commit: Permission denied
rm: /private/var/folders/qw/fh5wf_hn25x4f712lv79r_480000gn/T/fm-control-relaunch.bwfUuk/dialog-file-relaunch-28195/home/state/rl71.git-hooks/post-commit: Permission denied
rm: /private/var/folders/qw/fh5wf_hn25x4f712lv79r_480000gn/T/fm-control-relaunch.bwfUuk/dialog-file-relaunch-28195/home/state/rl71.git-hooks/sendemail-validate: Permission denied
rm: /private/var/folders/qw/fh5wf_hn25x4f712lv79r_480000gn/T/fm-control-relaunch.bwfUuk/dialog-file-relaunch-28195/home/state/rl71.git-hooks/applypatch-msg: Permission denied
rm: /private/var/folders/qw/fh5wf_hn25x4f712lv79r_480000gn/T/fm-control-relaunch.bwfUuk/dialog-file-relaunch-28195/home/state/rl71.git-hooks/prepare-commit-msg: Permission denied
rm: /private/var/folders/qw/fh5wf_hn25x4f712lv79r_480000gn/T/fm-control-relaunch.bwfUuk/dialog-file-relaunch-28195/home/state/rl71.git-hooks/post-checkout: Permission denied
rm: /private/var/folders/qw/fh5wf_hn25x4f712lv79r_480000gn/T/fm-control-relaunch.bwfUuk/dialog-file-relaunch-28195/home/state/rl71.git-hooks/post-applypatch: Permission denied
rm: /private/var/folders/qw/fh5wf_hn25x4f712lv79r_480000gn/T/fm-control-relaunch.bwfUuk/dialog-file-relaunch-28195/home/state/rl71.git-hooks/post-rewrite: Permission denied
rm: /private/var/folders/qw/fh5wf_hn25x4f712lv79r_480000gn/T/fm-control-relaunch.bwfUuk/dialog-file-relaunch-28195/home/state/rl71.git-hooks/commit-msg: Permission denied
rm: /private/var/folders/qw/fh5wf_hn25x4f712lv79r_480000gn/T/fm-control-relaunch.bwfUuk/dialog-file-relaunch-28195/home/state/rl71.git-hooks/pre-push: Permission denied
rm: /private/var/folders/qw/fh5wf_hn25x4f712lv79r_480000gn/T/fm-control-relaunch.bwfUuk/dialog-file-relaunch-28195/home/state/rl71.git-hooks/post-merge: Permission denied
rm: /private/var/folders/qw/fh5wf_hn25x4f712lv79r_480000gn/T/fm-control-relaunch.bwfUuk/dialog-file-relaunch-28195/home/state/rl71.git-hooks/pre-commit: Permission denied
rm: /private/var/folders/qw/fh5wf_hn25x4f712lv79r_480000gn/T/fm-control-relaunch.bwfUuk/dialog-file-relaunch-28195/home/state/rl71.git-hooks: Directory not empty
rm: /private/var/folders/qw/fh5wf_hn25x4f712lv79r_480000gn/T/fm-control-relaunch.bwfUuk/dialog-file-relaunch-28195/home/state: Directory not empty
rm: /private/var/folders/qw/fh5wf_hn25x4f712lv79r_480000gn/T/fm-control-relaunch.bwfUuk/dialog-file-relaunch-28195/home: Directory not empty
rm: /private/var/folders/qw/fh5wf_hn25x4f712lv79r_480000gn/T/fm-control-relaunch.bwfUuk/dialog-file-relaunch-28195: Directory not empty
rm: /private/var/folders/qw/fh5wf_hn25x4f712lv79r_480000gn/T/fm-control-relaunch.bwfUuk/musewiring-28566/home/state/rl31.git-hooks/pre-rebase: Permission denied
rm: /private/var/folders/qw/fh5wf_hn25x4f712lv79r_480000gn/T/fm-control-relaunch.bwfUuk/musewiring-28566/home/state/rl31.git-hooks/pre-applypatch: Permission denied
rm: /private/var/folders/qw/fh5wf_hn25x4f712lv79r_480000gn/T/fm-control-relaunch.bwfUuk/musewiring-28566/home/state/rl31.git-hooks/pre-auto-gc: Permission denied
rm: /private/var/folders/qw/fh5wf_hn25x4f712lv79r_480000gn/T/fm-control-relaunch.bwfUuk/musewiring-28566/home/state/rl31.git-hooks/pre-merge-commit: Permission denied
rm: /private/var/folders/qw/fh5wf_hn25x4f712lv79r_480000gn/T/fm-control-relaunch.bwfUuk/musewiring-28566/home/state/rl31.git-hooks/post-commit: Permission denied
rm: /private/var/folders/qw/fh5wf_hn25x4f712lv79r_480000gn/T/fm-control-relaunch.bwfUuk/musewiring-28566/home/state/rl31.git-hooks/sendemail-validate: Permission denied
rm: /private/var/folders/qw/fh5wf_hn25x4f712lv79r_480000gn/T/fm-control-relaunch.bwfUuk/musewiring-28566/home/state/rl31.git-hooks/applypatch-msg: Permission denied
rm: /private/var/folders/qw/fh5wf_hn25x4f712lv79r_480000gn/T/fm-control-relaunch.bwfUuk/musewiring-28566/home/state/rl31.git-hooks/prepare-commit-msg: Permission denied
rm: /private/var/folders/qw/fh5wf_hn25x4f712lv79r_480000gn/T/fm-control-relaunch.bwfUuk/musewiring-28566/home/state/rl31.git-hooks/post-checkout: Permission denied
rm: /private/var/folders/qw/fh5wf_hn25x4f712lv79r_480000gn/T/fm-control-relaunch.bwfUuk/musewiring-28566/home/state/rl31.git-hooks/post-applypatch: Permission denied
rm: /private/var/folders/qw/fh5wf_hn25x4f712lv79r_480000gn/T/fm-control-relaunch.bwfUuk/musewiring-28566/home/state/rl31.git-hooks/post-rewrite: Permission denied
rm: /private/var/folders/qw/fh5wf_hn25x4f712lv79r_480000gn/T/fm-control-relaunch.bwfUuk/musewiring-28566/home/state/rl31.git-hooks/commit-msg: Permission denied
rm: /private/var/folders/qw/fh5wf_hn25x4f712lv79r_480000gn/T/fm-control-relaunch.bwfUuk/musewiring-28566/home/state/rl31.git-hooks/pre-push: Permission denied
rm: /private/var/folders/qw/fh5wf_hn25x4f712lv79r_480000gn/T/fm-control-relaunch.bwfUuk/musewiring-28566/home/state/rl31.git-hooks/post-merge: Permission denied
rm: /private/var/folders/qw/fh5wf_hn25x4f712lv79r_480000gn/T/fm-control-relaunch.bwfUuk/musewiring-28566/home/state/rl31.git-hooks/pre-commit: Permission denied
rm: /private/var/folders/qw/fh5wf_hn25x4f712lv79r_480000gn/T/fm-control-relaunch.bwfUuk/musewiring-28566/home/state/rl31.git-hooks: Directory not empty
rm: /private/var/folders/qw/fh5wf_hn25x4f712lv79r_480000gn/T/fm-control-relaunch.bwfUuk/musewiring-28566/home/state: Directory not empty
rm: /private/var/folders/qw/fh5wf_hn25x4f712lv79r_480000gn/T/fm-control-relaunch.bwfUuk/musewiring-28566/home: Directory not empty
rm: /private/var/folders/qw/fh5wf_hn25x4f712lv79r_480000gn/T/fm-control-relaunch.bwfUuk/musewiring-28566: Directory not empty
rm: /private/var/folders/qw/fh5wf_hn25x4f712lv79r_480000gn/T/fm-control-relaunch.bwfUuk/promoted-scout-no-mistakes-22052/home/state/rl-promoted-no-mistakes.git-hooks/pre-rebase: Permission denied
rm: /private/var/folders/qw/fh5wf_hn25x4f712lv79r_480000gn/T/fm-control-relaunch.bwfUuk/promoted-scout-no-mistakes-22052/home/state/rl-promoted-no-mistakes.git-hooks/pre-applypatch: Permission denied
rm: /private/var/folders/qw/fh5wf_hn25x4f712lv79r_480000gn/T/fm-control-relaunch.bwfUuk/promoted-scout-no-mistakes-22052/home/state/rl-promoted-no-mistakes.git-hooks/pre-auto-gc: Permission denied
rm: /private/var/folders/qw/fh5wf_hn25x4f712lv79r_480000gn/T/fm-control-relaunch.bwfUuk/promoted-scout-no-mistakes-22052/home/state/rl-promoted-no-mistakes.git-hooks/pre-merge-commit: Permission denied
rm: /private/var/folders/qw/fh5wf_hn25x4f712lv79r_480000gn/T/fm-control-relaunch.bwfUuk/promoted-scout-no-mistakes-22052/home/state/rl-promoted-no-mistakes.git-hooks/post-commit: Permission denied
rm: /private/var/folders/qw/fh5wf_hn25x4f712lv79r_480000gn/T/fm-control-relaunch.bwfUuk/promoted-scout-no-mistakes-22052/home/state/rl-promoted-no-mistakes.git-hooks/sendemail-validate: Permission denied
rm: /private/var/folders/qw/fh5wf_hn25x4f712lv79r_480000gn/T/fm-control-relaunch.bwfUuk/promoted-scout-no-mistakes-22052/home/state/rl-promoted-no-mistakes.git-hooks/applypatch-msg: Permission denied
rm: /private/var/folders/qw/fh5wf_hn25x4f712lv79r_480000gn/T/fm-control-relaunch.bwfUuk/promoted-scout-no-mistakes-22052/home/state/rl-promoted-no-mistakes.git-hooks/prepare-commit-msg: Permission denied
rm: /private/var/folders/qw/fh5wf_hn25x4f712lv79r_480000gn/T/fm-control-relaunch.bwfUuk/promoted-scout-no-mistakes-22052/home/state/rl-promoted-no-mistakes.git-hooks/post-checkout: Permission denied
rm: /private/var/folders/qw/fh5wf_hn25x4f712lv79r_480000gn/T/fm-control-relaunch.bwfUuk/promoted-scout-no-mistakes-22052/home/state/rl-promoted-no-mistakes.git-hooks/post-applypatch: Permission denied
rm: /private/var/folders/qw/fh5wf_hn25x4f712lv79r_480000gn/T/fm-control-relaunch.bwfUuk/promoted-scout-no-mistakes-22052/home/state/rl-promoted-no-mistakes.git-hooks/post-rewrite: Permission denied
rm: /private/var/folders/qw/fh5wf_hn25x4f712lv79r_480000gn/T/fm-control-relaunch.bwfUuk/promoted-scout-no-mistakes-22052/home/state/rl-promoted-no-mistakes.git-hooks/commit-msg: Permission denied
rm: /private/var/folders/qw/fh5wf_hn25x4f712lv79r_480000gn/T/fm-control-relaunch.bwfUuk/promoted-scout-no-mistakes-22052/home/state/rl-promoted-no-mistakes.git-hooks/pre-push: Permission denied
rm: /private/var/folders/qw/fh5wf_hn25x4f712lv79r_480000gn/T/fm-control-relaunch.bwfUuk/promoted-scout-no-mistakes-22052/home/state/rl-promoted-no-mistakes.git-hooks/post-merge: Permission denied
rm: /private/var/folders/qw/fh5wf_hn25x4f712lv79r_480000gn/T/fm-control-relaunch.bwfUuk/promoted-scout-no-mistakes-22052/home/state/rl-promoted-no-mistakes.git-hooks/pre-commit: Permission denied
rm: /private/var/folders/qw/fh5wf_hn25x4f712lv79r_480000gn/T/fm-control-relaunch.bwfUuk/promoted-scout-no-mistakes-22052/home/state/rl-promoted-no-mistakes.git-hooks: Directory not empty
rm: /private/var/folders/qw/fh5wf_hn25x4f712lv79r_480000gn/T/fm-control-relaunch.bwfUuk/promoted-scout-no-mistakes-22052/home/state: Directory not empty
rm: /private/var/folders/qw/fh5wf_hn25x4f712lv79r_480000gn/T/fm-control-relaunch.bwfUuk/promoted-scout-no-mistakes-22052/home: Directory not empty
rm: /private/var/folders/qw/fh5wf_hn25x4f712lv79r_480000gn/T/fm-control-relaunch.bwfUuk/promoted-scout-no-mistakes-22052: Directory not empty
rm: /private/var/folders/qw/fh5wf_hn25x4f712lv79r_480000gn/T/fm-control-relaunch.bwfUuk/acct-8911/home/state/rl-acct.git-hooks/pre-rebase: Permission denied
rm: /private/var/folders/qw/fh5wf_hn25x4f712lv79r_480000gn/T/fm-control-relaunch.bwfUuk/acct-8911/home/state/rl-acct.git-hooks/pre-applypatch: Permission denied
rm: /private/var/folders/qw/fh5wf_hn25x4f712lv79r_480000gn/T/fm-control-relaunch.bwfUuk/acct-8911/home/state/rl-acct.git-hooks/pre-auto-gc: Permission denied
rm: /private/var/folders/qw/fh5wf_hn25x4f712lv79r_480000gn/T/fm-control-relaunch.bwfUuk/acct-8911/home/state/rl-acct.git-hooks/pre-merge-commit: Permission denied
rm: /private/var/folders/qw/fh5wf_hn25x4f712lv79r_480000gn/T/fm-control-relaunch.bwfUuk/acct-8911/home/state/rl-acct.git-hooks/post-commit: Permission denied
rm: /private/var/folders/qw/fh5wf_hn25x4f712lv79r_480000gn/T/fm-control-relaunch.bwfUuk/acct-8911/home/state/rl-acct.git-hooks/sendemail-validate: Permission denied
rm: /private/var/folders/qw/fh5wf_hn25x4f712lv79r_480000gn/T/fm-control-relaunch.bwfUuk/acct-8911/home/state/rl-acct.git-hooks/applypatch-msg: Permission denied
rm: /private/var/folders/qw/fh5wf_hn25x4f712lv79r_480000gn/T/fm-control-relaunch.bwfUuk/acct-8911/home/state/rl-acct.git-hooks/prepare-commit-msg: Permission denied
rm: /private/var/folders/qw/fh5wf_hn25x4f712lv79r_480000gn/T/fm-control-relaunch.bwfUuk/acct-8911/home/state/rl-acct.git-hooks/post-checkout: Permission denied
rm: /private/var/folders/qw/fh5wf_hn25x4f712lv79r_480000gn/T/fm-control-relaunch.bwfUuk/acct-8911/home/state/rl-acct.git-hooks/post-applypatch: Permission denied
rm: /private/var/folders/qw/fh5wf_hn25x4f712lv79r_480000gn/T/fm-control-relaunch.bwfUuk/acct-8911/home/state/rl-acct.git-hooks/post-rewrite: Permission denied
rm: /private/var/folders/qw/fh5wf_hn25x4f712lv79r_480000gn/T/fm-control-relaunch.bwfUuk/acct-8911/home/state/rl-acct.git-hooks/commit-msg: Permission denied
rm: /private/var/folders/qw/fh5wf_hn25x4f712lv79r_480000gn/T/fm-control-relaunch.bwfUuk/acct-8911/home/state/rl-acct.git-hooks/pre-push: Permission denied
rm: /private/var/folders/qw/fh5wf_hn25x4f712lv79r_480000gn/T/fm-control-relaunch.bwfUuk/acct-8911/home/state/rl-acct.git-hooks/post-merge: Permission denied
rm: /private/var/folders/qw/fh5wf_hn25x4f712lv79r_480000gn/T/fm-control-relaunch.bwfUuk/acct-8911/home/state/rl-acct.git-hooks/pre-commit: Permission denied
rm: /private/var/folders/qw/fh5wf_hn25x4f712lv79r_480000gn/T/fm-control-relaunch.bwfUuk/acct-8911/home/state/rl-acct.git-hooks: Directory not empty
rm: /private/var/folders/qw/fh5wf_hn25x4f712lv79r_480000gn/T/fm-control-relaunch.bwfUuk/acct-8911/home/state: Directory not empty
rm: /private/var/folders/qw/fh5wf_hn25x4f712lv79r_480000gn/T/fm-control-relaunch.bwfUuk/acct-8911/home: Directory not empty
rm: /private/var/folders/qw/fh5wf_hn25x4f712lv79r_480000gn/T/fm-control-relaunch.bwfUuk/acct-8911: Directory not empty
rm: /private/var/folders/qw/fh5wf_hn25x4f712lv79r_480000gn/T/fm-control-relaunch.bwfUuk/durable-meta-3617/home/state/rl19.git-hooks/pre-rebase: Permission denied
rm: /private/var/folders/qw/fh5wf_hn25x4f712lv79r_480000gn/T/fm-control-relaunch.bwfUuk/durable-meta-3617/home/state/rl19.git-hooks/pre-applypatch: Permission denied
rm: /private/var/folders/qw/fh5wf_hn25x4f712lv79r_480000gn/T/fm-control-relaunch.bwfUuk/durable-meta-3617/home/state/rl19.git-hooks/pre-auto-gc: Permission denied
rm: /private/var/folders/qw/fh5wf_hn25x4f712lv79r_480000gn/T/fm-control-relaunch.bwfUuk/durable-meta-3617/home/state/rl19.git-hooks/pre-merge-commit: Permission denied
rm: /private/var/folders/qw/fh5wf_hn25x4f712lv79r_480000gn/T/fm-control-relaunch.bwfUuk/durable-meta-3617/home/state/rl19.git-hooks/post-commit: Permission denied
rm: /private/var/folders/qw/fh5wf_hn25x4f712lv79r_480000gn/T/fm-control-relaunch.bwfUuk/durable-meta-3617/home/state/rl19.git-hooks/sendemail-validate: Permission denied
rm: /private/var/folders/qw/fh5wf_hn25x4f712lv79r_480000gn/T/fm-control-relaunch.bwfUuk/durable-meta-3617/home/state/rl19.git-hooks/applypatch-msg: Permission denied
rm: /private/var/folders/qw/fh5wf_hn25x4f712lv79r_480000gn/T/fm-control-relaunch.bwfUuk/durable-meta-3617/home/state/rl19.git-hooks/prepare-commit-msg: Permission denied
rm: /private/var/folders/qw/fh5wf_hn25x4f712lv79r_480000gn/T/fm-control-relaunch.bwfUuk/durable-meta-3617/home/state/rl19.git-hooks/post-checkout: Permission denied
rm: /private/var/folders/qw/fh5wf_hn25x4f712lv79r_480000gn/T/fm-control-relaunch.bwfUuk/durable-meta-3617/home/state/rl19.git-hooks/post-applypatch: Permission denied
rm: /private/var/folders/qw/fh5wf_hn25x4f712lv79r_480000gn/T/fm-control-relaunch.bwfUuk/durable-meta-3617/home/state/rl19.git-hooks/post-rewrite: Permission denied
rm: /private/var/folders/qw/fh5wf_hn25x4f712lv79r_480000gn/T/fm-control-relaunch.bwfUuk/durable-meta-3617/home/state/rl19.git-hooks/commit-msg: Permission denied
rm: /private/var/folders/qw/fh5wf_hn25x4f712lv79r_480000gn/T/fm-control-relaunch.bwfUuk/durable-meta-3617/home/state/rl19.git-hooks/pre-push: Permission denied
rm: /private/var/folders/qw/fh5wf_hn25x4f712lv79r_480000gn/T/fm-control-relaunch.bwfUuk/durable-meta-3617/home/state/rl19.git-hooks/post-merge: Permission denied
rm: /private/var/folders/qw/fh5wf_hn25x4f712lv79r_480000gn/T/fm-control-relaunch.bwfUuk/durable-meta-3617/home/state/rl19.git-hooks/pre-commit: Permission denied
rm: /private/var/folders/qw/fh5wf_hn25x4f712lv79r_480000gn/T/fm-control-relaunch.bwfUuk/durable-meta-3617/home/state/rl19.git-hooks: Directory not empty
rm: /private/var/folders/qw/fh5wf_hn25x4f712lv79r_480000gn/T/fm-control-relaunch.bwfUuk/durable-meta-3617/home/state: Directory not empty
rm: /private/var/folders/qw/fh5wf_hn25x4f712lv79r_480000gn/T/fm-control-relaunch.bwfUuk/durable-meta-3617/home: Directory not empty
rm: /private/var/folders/qw/fh5wf_hn25x4f712lv79r_480000gn/T/fm-control-relaunch.bwfUuk/durable-meta-3617: Directory not empty
rm: /private/var/folders/qw/fh5wf_hn25x4f712lv79r_480000gn/T/fm-control-relaunch.bwfUuk/prefixcontrol-551/home/state/rl32.git-hooks/pre-rebase: Permission denied
rm: /private/var/folders/qw/fh5wf_hn25x4f712lv79r_480000gn/T/fm-control-relaunch.bwfUuk/prefixcontrol-551/home/state/rl32.git-hooks/pre-applypatch: Permission denied
rm: /private/var/folders/qw/fh5wf_hn25x4f712lv79r_480000gn/T/fm-control-relaunch.bwfUuk/prefixcontrol-551/home/state/rl32.git-hooks/pre-auto-gc: Permission denied
rm: /private/var/folders/qw/fh5wf_hn25x4f712lv79r_480000gn/T/fm-control-relaunch.bwfUuk/prefixcontrol-551/home/state/rl32.git-hooks/pre-merge-commit: Permission denied
rm: /private/var/folders/qw/fh5wf_hn25x4f712lv79r_480000gn/T/fm-control-relaunch.bwfUuk/prefixcontrol-551/home/state/rl32.git-hooks/post-commit: Permission denied
rm: /private/var/folders/qw/fh5wf_hn25x4f712lv79r_480000gn/T/fm-control-relaunch.bwfUuk/prefixcontrol-551/home/state/rl32.git-hooks/sendemail-validate: Permission denied
rm: /private/var/folders/qw/fh5wf_hn25x4f712lv79r_480000gn/T/fm-control-relaunch.bwfUuk/prefixcontrol-551/home/state/rl32.git-hooks/applypatch-msg: Permission denied
rm: /private/var/folders/qw/fh5wf_hn25x4f712lv79r_480000gn/T/fm-control-relaunch.bwfUuk/prefixcontrol-551/home/state/rl32.git-hooks/prepare-commit-msg: Permission denied
rm: /private/var/folders/qw/fh5wf_hn25x4f712lv79r_480000gn/T/fm-control-relaunch.bwfUuk/prefixcontrol-551/home/state/rl32.git-hooks/post-checkout: Permission denied
rm: /private/var/folders/qw/fh5wf_hn25x4f712lv79r_480000gn/T/fm-control-relaunch.bwfUuk/prefixcontrol-551/home/state/rl32.git-hooks/post-applypatch: Permission denied
rm: /private/var/folders/qw/fh5wf_hn25x4f712lv79r_480000gn/T/fm-control-relaunch.bwfUuk/prefixcontrol-551/home/state/rl32.git-hooks/post-rewrite: Permission denied
rm: /private/var/folders/qw/fh5wf_hn25x4f712lv79r_480000gn/T/fm-control-relaunch.bwfUuk/prefixcontrol-551/home/state/rl32.git-hooks/commit-msg: Permission denied
rm: /private/var/folders/qw/fh5wf_hn25x4f712lv79r_480000gn/T/fm-control-relaunch.bwfUuk/prefixcontrol-551/home/state/rl32.git-hooks/pre-push: Permission denied
rm: /private/var/folders/qw/fh5wf_hn25x4f712lv79r_480000gn/T/fm-control-relaunch.bwfUuk/prefixcontrol-551/home/state/rl32.git-hooks/post-merge: Permission denied
rm: /private/var/folders/qw/fh5wf_hn25x4f712lv79r_480000gn/T/fm-control-relaunch.bwfUuk/prefixcontrol-551/home/state/rl32.git-hooks/pre-commit: Permission denied
rm: /private/var/folders/qw/fh5wf_hn25x4f712lv79r_480000gn/T/fm-control-relaunch.bwfUuk/prefixcontrol-551/home/state/rl32.git-hooks: Directory not empty
rm: /private/var/folders/qw/fh5wf_hn25x4f712lv79r_480000gn/T/fm-control-relaunch.bwfUuk/prefixcontrol-551/home/state: Directory not empty
rm: /private/var/folders/qw/fh5wf_hn25x4f712lv79r_480000gn/T/fm-control-relaunch.bwfUuk/prefixcontrol-551/home: Directory not empty
rm: /private/var/folders/qw/fh5wf_hn25x4f712lv79r_480000gn/T/fm-control-relaunch.bwfUuk/prefixcontrol-551: Directory not empty
rm: /private/var/folders/qw/fh5wf_hn25x4f712lv79r_480000gn/T/fm-control-relaunch.bwfUuk/published-29885/home/state/rl24.git-hooks/pre-rebase: Permission denied
rm: /private/var/folders/qw/fh5wf_hn25x4f712lv79r_480000gn/T/fm-control-relaunch.bwfUuk/published-29885/home/state/rl24.git-hooks/pre-applypatch: Permission denied
rm: /private/var/folders/qw/fh5wf_hn25x4f712lv79r_480000gn/T/fm-control-relaunch.bwfUuk/published-29885/home/state/rl24.git-hooks/pre-auto-gc: Permission denied
rm: /private/var/folders/qw/fh5wf_hn25x4f712lv79r_480000gn/T/fm-control-relaunch.bwfUuk/published-29885/home/state/rl24.git-hooks/pre-merge-commit: Permission denied
rm: /private/var/folders/qw/fh5wf_hn25x4f712lv79r_480000gn/T/fm-control-relaunch.bwfUuk/published-29885/home/state/rl24.git-hooks/post-commit: Permission denied
rm: /private/var/folders/qw/fh5wf_hn25x4f712lv79r_480000gn/T/fm-control-relaunch.bwfUuk/published-29885/home/state/rl24.git-hooks/sendemail-validate: Permission denied
rm: /private/var/folders/qw/fh5wf_hn25x4f712lv79r_480000gn/T/fm-control-relaunch.bwfUuk/published-29885/home/state/rl24.git-hooks/applypatch-msg: Permission denied
rm: /private/var/folders/qw/fh5wf_hn25x4f712lv79r_480000gn/T/fm-control-relaunch.bwfUuk/published-29885/home/state/rl24.git-hooks/prepare-commit-msg: Permission denied
rm: /private/var/folders/qw/fh5wf_hn25x4f712lv79r_480000gn/T/fm-control-relaunch.bwfUuk/published-29885/home/state/rl24.git-hooks/post-checkout: Permission denied
rm: /private/var/folders/qw/fh5wf_hn25x4f712lv79r_480000gn/T/fm-control-relaunch.bwfUuk/published-29885/home/state/rl24.git-hooks/post-applypatch: Permission denied
rm: /private/var/folders/qw/fh5wf_hn25x4f712lv79r_480000gn/T/fm-control-relaunch.bwfUuk/published-29885/home/state/rl24.git-hooks/post-rewrite: Permission denied
rm: /private/var/folders/qw/fh5wf_hn25x4f712lv79r_480000gn/T/fm-control-relaunch.bwfUuk/published-29885/home/state/rl24.git-hooks/commit-msg: Permission denied
rm: /private/var/folders/qw/fh5wf_hn25x4f712lv79r_480000gn/T/fm-control-relaunch.bwfUuk/published-29885/home/state/rl24.git-hooks/pre-push: Permission denied
rm: /private/var/folders/qw/fh5wf_hn25x4f712lv79r_480000gn/T/fm-control-relaunch.bwfUuk/published-29885/home/state/rl24.git-hooks/post-merge: Permission denied
rm: /private/var/folders/qw/fh5wf_hn25x4f712lv79r_480000gn/T/fm-control-relaunch.bwfUuk/published-29885/home/state/rl24.git-hooks/pre-commit: Permission denied
rm: /private/var/folders/qw/fh5wf_hn25x4f712lv79r_480000gn/T/fm-control-relaunch.bwfUuk/published-29885/home/state/rl24.git-hooks: Directory not empty
rm: /private/var/folders/qw/fh5wf_hn25x4f712lv79r_480000gn/T/fm-control-relaunch.bwfUuk/published-29885/home/state: Directory not empty
rm: /private/var/folders/qw/fh5wf_hn25x4f712lv79r_480000gn/T/fm-control-relaunch.bwfUuk/published-29885/home: Directory not empty
rm: /private/var/folders/qw/fh5wf_hn25x4f712lv79r_480000gn/T/fm-control-relaunch.bwfUuk/published-29885: Directory not empty
rm: /private/var/folders/qw/fh5wf_hn25x4f712lv79r_480000gn/T/fm-control-relaunch.bwfUuk/prefixwiring-12692/home/state/rl30.git-hooks/pre-rebase: Permission denied
rm: /private/var/folders/qw/fh5wf_hn25x4f712lv79r_480000gn/T/fm-control-relaunch.bwfUuk/prefixwiring-12692/home/state/rl30.git-hooks/pre-applypatch: Permission denied
rm: /private/var/folders/qw/fh5wf_hn25x4f712lv79r_480000gn/T/fm-control-relaunch.bwfUuk/prefixwiring-12692/home/state/rl30.git-hooks/pre-auto-gc: Permission denied
rm: /private/var/folders/qw/fh5wf_hn25x4f712lv79r_480000gn/T/fm-control-relaunch.bwfUuk/prefixwiring-12692/home/state/rl30.git-hooks/pre-merge-commit: Permission denied
rm: /private/var/folders/qw/fh5wf_hn25x4f712lv79r_480000gn/T/fm-control-relaunch.bwfUuk/prefixwiring-12692/home/state/rl30.git-hooks/post-commit: Permission denied
rm: /private/var/folders/qw/fh5wf_hn25x4f712lv79r_480000gn/T/fm-control-relaunch.bwfUuk/prefixwiring-12692/home/state/rl30.git-hooks/sendemail-validate: Permission denied
rm: /private/var/folders/qw/fh5wf_hn25x4f712lv79r_480000gn/T/fm-control-relaunch.bwfUuk/prefixwiring-12692/home/state/rl30.git-hooks/applypatch-msg: Permission denied
rm: /private/var/folders/qw/fh5wf_hn25x4f712lv79r_480000gn/T/fm-control-relaunch.bwfUuk/prefixwiring-12692/home/state/rl30.git-hooks/prepare-commit-msg: Permission denied
rm: /private/var/folders/qw/fh5wf_hn25x4f712lv79r_480000gn/T/fm-control-relaunch.bwfUuk/prefixwiring-12692/home/state/rl30.git-hooks/post-checkout: Permission denied
rm: /private/var/folders/qw/fh5wf_hn25x4f712lv79r_480000gn/T/fm-control-relaunch.bwfUuk/prefixwiring-12692/home/state/rl30.git-hooks/post-applypatch: Permission denied
rm: /private/var/folders/qw/fh5wf_hn25x4f712lv79r_480000gn/T/fm-control-relaunch.bwfUuk/prefixwiring-12692/home/state/rl30.git-hooks/post-rewrite: Permission denied
rm: /private/var/folders/qw/fh5wf_hn25x4f712lv79r_480000gn/T/fm-control-relaunch.bwfUuk/prefixwiring-12692/home/state/rl30.git-hooks/commit-msg: Permission denied
rm: /private/var/folders/qw/fh5wf_hn25x4f712lv79r_480000gn/T/fm-control-relaunch.bwfUuk/prefixwiring-12692/home/state/rl30.git-hooks/pre-push: Permission denied
rm: /private/var/folders/qw/fh5wf_hn25x4f712lv79r_480000gn/T/fm-control-relaunch.bwfUuk/prefixwiring-12692/home/state/rl30.git-hooks/post-merge: Permission denied
rm: /private/var/folders/qw/fh5wf_hn25x4f712lv79r_480000gn/T/fm-control-relaunch.bwfUuk/prefixwiring-12692/home/state/rl30.git-hooks/pre-commit: Permission denied
rm: /private/var/folders/qw/fh5wf_hn25x4f712lv79r_480000gn/T/fm-control-relaunch.bwfUuk/prefixwiring-12692/home/state/rl30.git-hooks: Directory not empty
rm: /private/var/folders/qw/fh5wf_hn25x4f712lv79r_480000gn/T/fm-control-relaunch.bwfUuk/prefixwiring-12692/home/state: Directory not empty
rm: /private/var/folders/qw/fh5wf_hn25x4f712lv79r_480000gn/T/fm-control-relaunch.bwfUuk/prefixwiring-12692/home: Directory not empty
rm: /private/var/folders/qw/fh5wf_hn25x4f712lv79r_480000gn/T/fm-control-relaunch.bwfUuk/prefixwiring-12692: Directory not empty
rm: /private/var/folders/qw/fh5wf_hn25x4f712lv79r_480000gn/T/fm-control-relaunch.bwfUuk/promotebranch-14056/home/state/rl42.git-hooks/pre-rebase: Permission denied
rm: /private/var/folders/qw/fh5wf_hn25x4f712lv79r_480000gn/T/fm-control-relaunch.bwfUuk/promotebranch-14056/home/state/rl42.git-hooks/pre-applypatch: Permission denied
rm: /private/var/folders/qw/fh5wf_hn25x4f712lv79r_480000gn/T/fm-control-relaunch.bwfUuk/promotebranch-14056/home/state/rl42.git-hooks/pre-auto-gc: Permission denied
rm: /private/var/folders/qw/fh5wf_hn25x4f712lv79r_480000gn/T/fm-control-relaunch.bwfUuk/promotebranch-14056/home/state/rl42.git-hooks/pre-merge-commit: Permission denied
rm: /private/var/folders/qw/fh5wf_hn25x4f712lv79r_480000gn/T/fm-control-relaunch.bwfUuk/promotebranch-14056/home/state/rl42.git-hooks/post-commit: Permission denied
rm: /private/var/folders/qw/fh5wf_hn25x4f712lv79r_480000gn/T/fm-control-relaunch.bwfUuk/promotebranch-14056/home/state/rl42.git-hooks/sendemail-validate: Permission denied
rm: /private/var/folders/qw/fh5wf_hn25x4f712lv79r_480000gn/T/fm-control-relaunch.bwfUuk/promotebranch-14056/home/state/rl42.git-hooks/applypatch-msg: Permission denied
rm: /private/var/folders/qw/fh5wf_hn25x4f712lv79r_480000gn/T/fm-control-relaunch.bwfUuk/promotebranch-14056/home/state/rl42.git-hooks/prepare-commit-msg: Permission denied
rm: /private/var/folders/qw/fh5wf_hn25x4f712lv79r_480000gn/T/fm-control-relaunch.bwfUuk/promotebranch-14056/home/state/rl42.git-hooks/post-checkout: Permission denied
rm: /private/var/folders/qw/fh5wf_hn25x4f712lv79r_480000gn/T/fm-control-relaunch.bwfUuk/promotebranch-14056/home/state/rl42.git-hooks/post-applypatch: Permission denied
rm: /private/var/folders/qw/fh5wf_hn25x4f712lv79r_480000gn/T/fm-control-relaunch.bwfUuk/promotebranch-14056/home/state/rl42.git-hooks/post-rewrite: Permission denied
rm: /private/var/folders/qw/fh5wf_hn25x4f712lv79r_480000gn/T/fm-control-relaunch.bwfUuk/promotebranch-14056/home/state/rl42.git-hooks/commit-msg: Permission denied
rm: /private/var/folders/qw/fh5wf_hn25x4f712lv79r_480000gn/T/fm-control-relaunch.bwfUuk/promotebranch-14056/home/state/rl42.git-hooks/pre-push: Permission denied
rm: /private/var/folders/qw/fh5wf_hn25x4f712lv79r_480000gn/T/fm-control-relaunch.bwfUuk/promotebranch-14056/home/state/rl42.git-hooks/post-merge: Permission denied
rm: /private/var/folders/qw/fh5wf_hn25x4f712lv79r_480000gn/T/fm-control-relaunch.bwfUuk/promotebranch-14056/home/state/rl42.git-hooks/pre-commit: Permission denied
rm: /private/var/folders/qw/fh5wf_hn25x4f712lv79r_480000gn/T/fm-control-relaunch.bwfUuk/promotebranch-14056/home/state/rl42.git-hooks: Directory not empty
rm: /private/var/folders/qw/fh5wf_hn25x4f712lv79r_480000gn/T/fm-control-relaunch.bwfUuk/promotebranch-14056/home/state: Directory not empty
rm: /private/var/folders/qw/fh5wf_hn25x4f712lv79r_480000gn/T/fm-control-relaunch.bwfUuk/promotebranch-14056/home: Directory not empty
rm: /private/var/folders/qw/fh5wf_hn25x4f712lv79r_480000gn/T/fm-control-relaunch.bwfUuk/promotebranch-14056: Directory not empty
rm: /private/var/folders/qw/fh5wf_hn25x4f712lv79r_480000gn/T/fm-control-relaunch.bwfUuk/spawnharness-12794/home/state/rl21.git-hooks/pre-rebase: Permission denied
rm: /private/var/folders/qw/fh5wf_hn25x4f712lv79r_480000gn/T/fm-control-relaunch.bwfUuk/spawnharness-12794/home/state/rl21.git-hooks/pre-applypatch: Permission denied
rm: /private/var/folders/qw/fh5wf_hn25x4f712lv79r_480000gn/T/fm-control-relaunch.bwfUuk/spawnharness-12794/home/state/rl21.git-hooks/pre-auto-gc: Permission denied
rm: /private/var/folders/qw/fh5wf_hn25x4f712lv79r_480000gn/T/fm-control-relaunch.bwfUuk/spawnharness-12794/home/state/rl21.git-hooks/pre-merge-commit: Permission denied
rm: /private/var/folders/qw/fh5wf_hn25x4f712lv79r_480000gn/T/fm-control-relaunch.bwfUuk/spawnharness-12794/home/state/rl21.git-hooks/post-commit: Permission denied
rm: /private/var/folders/qw/fh5wf_hn25x4f712lv79r_480000gn/T/fm-control-relaunch.bwfUuk/spawnharness-12794/home/state/rl21.git-hooks/sendemail-validate: Permission denied
rm: /private/var/folders/qw/fh5wf_hn25x4f712lv79r_480000gn/T/fm-control-relaunch.bwfUuk/spawnharness-12794/home/state/rl21.git-hooks/applypatch-msg: Permission denied
rm: /private/var/folders/qw/fh5wf_hn25x4f712lv79r_480000gn/T/fm-control-relaunch.bwfUuk/spawnharness-12794/home/state/rl21.git-hooks/prepare-commit-msg: Permission denied
rm: /private/var/folders/qw/fh5wf_hn25x4f712lv79r_480000gn/T/fm-control-relaunch.bwfUuk/spawnharness-12794/home/state/rl21.git-hooks/post-checkout: Permission denied
rm: /private/var/folders/qw/fh5wf_hn25x4f712lv79r_480000gn/T/fm-control-relaunch.bwfUuk/spawnharness-12794/home/state/rl21.git-hooks/post-applypatch: Permission denied
rm: /private/var/folders/qw/fh5wf_hn25x4f712lv79r_480000gn/T/fm-control-relaunch.bwfUuk/spawnharness-12794/home/state/rl21.git-hooks/post-rewrite: Permission denied
rm: /private/var/folders/qw/fh5wf_hn25x4f712lv79r_480000gn/T/fm-control-relaunch.bwfUuk/spawnharness-12794/home/state/rl21.git-hooks/commit-msg: Permission denied
rm: /private/var/folders/qw/fh5wf_hn25x4f712lv79r_480000gn/T/fm-control-relaunch.bwfUuk/spawnharness-12794/home/state/rl21.git-hooks/pre-push: Permission denied
rm: /private/var/folders/qw/fh5wf_hn25x4f712lv79r_480000gn/T/fm-control-relaunch.bwfUuk/spawnharness-12794/home/state/rl21.git-hooks/post-merge: Permission denied
rm: /private/var/folders/qw/fh5wf_hn25x4f712lv79r_480000gn/T/fm-control-relaunch.bwfUuk/spawnharness-12794/home/state/rl21.git-hooks/pre-commit: Permission denied
rm: /private/var/folders/qw/fh5wf_hn25x4f712lv79r_480000gn/T/fm-control-relaunch.bwfUuk/spawnharness-12794/home/state/rl21.git-hooks: Directory not empty
rm: /private/var/folders/qw/fh5wf_hn25x4f712lv79r_480000gn/T/fm-control-relaunch.bwfUuk/spawnharness-12794/home/state: Directory not empty
rm: /private/var/folders/qw/fh5wf_hn25x4f712lv79r_480000gn/T/fm-control-relaunch.bwfUuk/spawnharness-12794/home: Directory not empty
rm: /private/var/folders/qw/fh5wf_hn25x4f712lv79r_480000gn/T/fm-control-relaunch.bwfUuk/spawnharness-12794: Directory not empty
rm: /private/var/folders/qw/fh5wf_hn25x4f712lv79r_480000gn/T/fm-control-relaunch.bwfUuk/trace-off-5163/home/state/rl33.git-hooks/pre-rebase: Permission denied
rm: /private/var/folders/qw/fh5wf_hn25x4f712lv79r_480000gn/T/fm-control-relaunch.bwfUuk/trace-off-5163/home/state/rl33.git-hooks/pre-applypatch: Permission denied
rm: /private/var/folders/qw/fh5wf_hn25x4f712lv79r_480000gn/T/fm-control-relaunch.bwfUuk/trace-off-5163/home/state/rl33.git-hooks/pre-auto-gc: Permission denied
rm: /private/var/folders/qw/fh5wf_hn25x4f712lv79r_480000gn/T/fm-control-relaunch.bwfUuk/trace-off-5163/home/state/rl33.git-hooks/pre-merge-commit: Permission denied
rm: /private/var/folders/qw/fh5wf_hn25x4f712lv79r_480000gn/T/fm-control-relaunch.bwfUuk/trace-off-5163/home/state/rl33.git-hooks/post-commit: Permission denied
rm: /private/var/folders/qw/fh5wf_hn25x4f712lv79r_480000gn/T/fm-control-relaunch.bwfUuk/trace-off-5163/home/state/rl33.git-hooks/sendemail-validate: Permission denied
rm: /private/var/folders/qw/fh5wf_hn25x4f712lv79r_480000gn/T/fm-control-relaunch.bwfUuk/trace-off-5163/home/state/rl33.git-hooks/applypatch-msg: Permission denied
rm: /private/var/folders/qw/fh5wf_hn25x4f712lv79r_480000gn/T/fm-control-relaunch.bwfUuk/trace-off-5163/home/state/rl33.git-hooks/prepare-commit-msg: Permission denied
rm: /private/var/folders/qw/fh5wf_hn25x4f712lv79r_480000gn/T/fm-control-relaunch.bwfUuk/trace-off-5163/home/state/rl33.git-hooks/post-checkout: Permission denied
rm: /private/var/folders/qw/fh5wf_hn25x4f712lv79r_480000gn/T/fm-control-relaunch.bwfUuk/trace-off-5163/home/state/rl33.git-hooks/post-applypatch: Permission denied
rm: /private/var/folders/qw/fh5wf_hn25x4f712lv79r_480000gn/T/fm-control-relaunch.bwfUuk/trace-off-5163/home/state/rl33.git-hooks/post-rewrite: Permission denied
rm: /private/var/folders/qw/fh5wf_hn25x4f712lv79r_480000gn/T/fm-control-relaunch.bwfUuk/trace-off-5163/home/state/rl33.git-hooks/commit-msg: Permission denied
rm: /private/var/folders/qw/fh5wf_hn25x4f712lv79r_480000gn/T/fm-control-relaunch.bwfUuk/trace-off-5163/home/state/rl33.git-hooks/pre-push: Permission denied
rm: /private/var/folders/qw/fh5wf_hn25x4f712lv79r_480000gn/T/fm-control-relaunch.bwfUuk/trace-off-5163/home/state/rl33.git-hooks/post-merge: Permission denied
rm: /private/var/folders/qw/fh5wf_hn25x4f712lv79r_480000gn/T/fm-control-relaunch.bwfUuk/trace-off-5163/home/state/rl33.git-hooks/pre-commit: Permission denied
rm: /private/var/folders/qw/fh5wf_hn25x4f712lv79r_480000gn/T/fm-control-relaunch.bwfUuk/trace-off-5163/home/state/rl33.git-hooks: Directory not empty
rm: /private/var/folders/qw/fh5wf_hn25x4f712lv79r_480000gn/T/fm-control-relaunch.bwfUuk/trace-off-5163/home/state: Directory not empty
rm: /private/var/folders/qw/fh5wf_hn25x4f712lv79r_480000gn/T/fm-control-relaunch.bwfUuk/trace-off-5163/home: Directory not empty
rm: /private/var/folders/qw/fh5wf_hn25x4f712lv79r_480000gn/T/fm-control-relaunch.bwfUuk/trace-off-5163: Directory not empty
rm: /private/var/folders/qw/fh5wf_hn25x4f712lv79r_480000gn/T/fm-control-relaunch.bwfUuk/explicit-32654/home/state/rl7.git-hooks/pre-rebase: Permission denied
rm: /private/var/folders/qw/fh5wf_hn25x4f712lv79r_480000gn/T/fm-control-relaunch.bwfUuk/explicit-32654/home/state/rl7.git-hooks/pre-applypatch: Permission denied
rm: /private/var/folders/qw/fh5wf_hn25x4f712lv79r_480000gn/T/fm-control-relaunch.bwfUuk/explicit-32654/home/state/rl7.git-hooks/pre-auto-gc: Permission denied
rm: /private/var/folders/qw/fh5wf_hn25x4f712lv79r_480000gn/T/fm-control-relaunch.bwfUuk/explicit-32654/home/state/rl7.git-hooks/pre-merge-commit: Permission denied
rm: /private/var/folders/qw/fh5wf_hn25x4f712lv79r_480000gn/T/fm-control-relaunch.bwfUuk/explicit-32654/home/state/rl7.git-hooks/post-commit: Permission denied
rm: /private/var/folders/qw/fh5wf_hn25x4f712lv79r_480000gn/T/fm-control-relaunch.bwfUuk/explicit-32654/home/state/rl7.git-hooks/sendemail-validate: Permission denied
rm: /private/var/folders/qw/fh5wf_hn25x4f712lv79r_480000gn/T/fm-control-relaunch.bwfUuk/explicit-32654/home/state/rl7.git-hooks/applypatch-msg: Permission denied
rm: /private/var/folders/qw/fh5wf_hn25x4f712lv79r_480000gn/T/fm-control-relaunch.bwfUuk/explicit-32654/home/state/rl7.git-hooks/prepare-commit-msg: Permission denied
rm: /private/var/folders/qw/fh5wf_hn25x4f712lv79r_480000gn/T/fm-control-relaunch.bwfUuk/explicit-32654/home/state/rl7.git-hooks/post-checkout: Permission denied
rm: /private/var/folders/qw/fh5wf_hn25x4f712lv79r_480000gn/T/fm-control-relaunch.bwfUuk/explicit-32654/home/state/rl7.git-hooks/post-applypatch: Permission denied
rm: /private/var/folders/qw/fh5wf_hn25x4f712lv79r_480000gn/T/fm-control-relaunch.bwfUuk/explicit-32654/home/state/rl7.git-hooks/post-rewrite: Permission denied
rm: /private/var/folders/qw/fh5wf_hn25x4f712lv79r_480000gn/T/fm-control-relaunch.bwfUuk/explicit-32654/home/state/rl7.git-hooks/commit-msg: Permission denied
rm: /private/var/folders/qw/fh5wf_hn25x4f712lv79r_480000gn/T/fm-control-relaunch.bwfUuk/explicit-32654/home/state/rl7.git-hooks/pre-push: Permission denied
rm: /private/var/folders/qw/fh5wf_hn25x4f712lv79r_480000gn/T/fm-control-relaunch.bwfUuk/explicit-32654/home/state/rl7.git-hooks/post-merge: Permission denied
rm: /private/var/folders/qw/fh5wf_hn25x4f712lv79r_480000gn/T/fm-control-relaunch.bwfUuk/explicit-32654/home/state/rl7.git-hooks/pre-commit: Permission denied
rm: /private/var/folders/qw/fh5wf_hn25x4f712lv79r_480000gn/T/fm-control-relaunch.bwfUuk/explicit-32654/home/state/rl7.git-hooks: Directory not empty
rm: /private/var/folders/qw/fh5wf_hn25x4f712lv79r_480000gn/T/fm-control-relaunch.bwfUuk/explicit-32654/home/state: Directory not empty
rm: /private/var/folders/qw/fh5wf_hn25x4f712lv79r_480000gn/T/fm-control-relaunch.bwfUuk/explicit-32654/home: Directory not empty
rm: /private/var/folders/qw/fh5wf_hn25x4f712lv79r_480000gn/T/fm-control-relaunch.bwfUuk/explicit-32654: Directory not empty
rm: /private/var/folders/qw/fh5wf_hn25x4f712lv79r_480000gn/T/fm-control-relaunch.bwfUuk/continuous-meta-lock-7977/home/state/rl38.git-hooks/pre-rebase: Permission denied
rm: /private/var/folders/qw/fh5wf_hn25x4f712lv79r_480000gn/T/fm-control-relaunch.bwfUuk/continuous-meta-lock-7977/home/state/rl38.git-hooks/pre-applypatch: Permission denied
rm: /private/var/folders/qw/fh5wf_hn25x4f712lv79r_480000gn/T/fm-control-relaunch.bwfUuk/continuous-meta-lock-7977/home/state/rl38.git-hooks/pre-auto-gc: Permission denied
rm: /private/var/folders/qw/fh5wf_hn25x4f712lv79r_480000gn/T/fm-control-relaunch.bwfUuk/continuous-meta-lock-7977/home/state/rl38.git-hooks/pre-merge-commit: Permission denied
rm: /private/var/folders/qw/fh5wf_hn25x4f712lv79r_480000gn/T/fm-control-relaunch.bwfUuk/continuous-meta-lock-7977/home/state/rl38.git-hooks/post-commit: Permission denied
rm: /private/var/folders/qw/fh5wf_hn25x4f712lv79r_480000gn/T/fm-control-relaunch.bwfUuk/continuous-meta-lock-7977/home/state/rl38.git-hooks/sendemail-validate: Permission denied
rm: /private/var/folders/qw/fh5wf_hn25x4f712lv79r_480000gn/T/fm-control-relaunch.bwfUuk/continuous-meta-lock-7977/home/state/rl38.git-hooks/applypatch-msg: Permission denied
rm: /private/var/folders/qw/fh5wf_hn25x4f712lv79r_480000gn/T/fm-control-relaunch.bwfUuk/continuous-meta-lock-7977/home/state/rl38.git-hooks/prepare-commit-msg: Permission denied
rm: /private/var/folders/qw/fh5wf_hn25x4f712lv79r_480000gn/T/fm-control-relaunch.bwfUuk/continuous-meta-lock-7977/home/state/rl38.git-hooks/post-checkout: Permission denied
rm: /private/var/folders/qw/fh5wf_hn25x4f712lv79r_480000gn/T/fm-control-relaunch.bwfUuk/continuous-meta-lock-7977/home/state/rl38.git-hooks/post-applypatch: Permission denied
rm: /private/var/folders/qw/fh5wf_hn25x4f712lv79r_480000gn/T/fm-control-relaunch.bwfUuk/continuous-meta-lock-7977/home/state/rl38.git-hooks/post-rewrite: Permission denied
rm: /private/var/folders/qw/fh5wf_hn25x4f712lv79r_480000gn/T/fm-control-relaunch.bwfUuk/continuous-meta-lock-7977/home/state/rl38.git-hooks/commit-msg: Permission denied
rm: /private/var/folders/qw/fh5wf_hn25x4f712lv79r_480000gn/T/fm-control-relaunch.bwfUuk/continuous-meta-lock-7977/home/state/rl38.git-hooks/pre-push: Permission denied
rm: /private/var/folders/qw/fh5wf_hn25x4f712lv79r_480000gn/T/fm-control-relaunch.bwfUuk/continuous-meta-lock-7977/home/state/rl38.git-hooks/post-merge: Permission denied
rm: /private/var/folders/qw/fh5wf_hn25x4f712lv79r_480000gn/T/fm-control-relaunch.bwfUuk/continuous-meta-lock-7977/home/state/rl38.git-hooks/pre-commit: Permission denied
rm: /private/var/folders/qw/fh5wf_hn25x4f712lv79r_480000gn/T/fm-control-relaunch.bwfUuk/continuous-meta-lock-7977/home/state/rl38.git-hooks: Directory not empty
rm: /private/var/folders/qw/fh5wf_hn25x4f712lv79r_480000gn/T/fm-control-relaunch.bwfUuk/continuous-meta-lock-7977/home/state: Directory not empty
rm: /private/var/folders/qw/fh5wf_hn25x4f712lv79r_480000gn/T/fm-control-relaunch.bwfUuk/continuous-meta-lock-7977/home: Directory not empty
rm: /private/var/folders/qw/fh5wf_hn25x4f712lv79r_480000gn/T/fm-control-relaunch.bwfUuk/continuous-meta-lock-7977: Directory not empty
rm: /private/var/folders/qw/fh5wf_hn25x4f712lv79r_480000gn/T/fm-control-relaunch.bwfUuk/smpin-29637/home/state/sm3.git-hooks/pre-rebase: Permission denied
rm: /private/var/folders/qw/fh5wf_hn25x4f712lv79r_480000gn/T/fm-control-relaunch.bwfUuk/smpin-29637/home/state/sm3.git-hooks/pre-applypatch: Permission denied
rm: /private/var/folders/qw/fh5wf_hn25x4f712lv79r_480000gn/T/fm-control-relaunch.bwfUuk/smpin-29637/home/state/sm3.git-hooks/pre-auto-gc: Permission denied
rm: /private/var/folders/qw/fh5wf_hn25x4f712lv79r_480000gn/T/fm-control-relaunch.bwfUuk/smpin-29637/home/state/sm3.git-hooks/pre-merge-commit: Permission denied
rm: /private/var/folders/qw/fh5wf_hn25x4f712lv79r_480000gn/T/fm-control-relaunch.bwfUuk/smpin-29637/home/state/sm3.git-hooks/post-commit: Permission denied
rm: /private/var/folders/qw/fh5wf_hn25x4f712lv79r_480000gn/T/fm-control-relaunch.bwfUuk/smpin-29637/home/state/sm3.git-hooks/sendemail-validate: Permission denied
rm: /private/var/folders/qw/fh5wf_hn25x4f712lv79r_480000gn/T/fm-control-relaunch.bwfUuk/smpin-29637/home/state/sm3.git-hooks/applypatch-msg: Permission denied
rm: /private/var/folders/qw/fh5wf_hn25x4f712lv79r_480000gn/T/fm-control-relaunch.bwfUuk/smpin-29637/home/state/sm3.git-hooks/prepare-commit-msg: Permission denied
rm: /private/var/folders/qw/fh5wf_hn25x4f712lv79r_480000gn/T/fm-control-relaunch.bwfUuk/smpin-29637/home/state/sm3.git-hooks/post-checkout: Permission denied
rm: /private/var/folders/qw/fh5wf_hn25x4f712lv79r_480000gn/T/fm-control-relaunch.bwfUuk/smpin-29637/home/state/sm3.git-hooks/post-applypatch: Permission denied
rm: /private/var/folders/qw/fh5wf_hn25x4f712lv79r_480000gn/T/fm-control-relaunch.bwfUuk/smpin-29637/home/state/sm3.git-hooks/post-rewrite: Permission denied
rm: /private/var/folders/qw/fh5wf_hn25x4f712lv79r_480000gn/T/fm-control-relaunch.bwfUuk/smpin-29637/home/state/sm3.git-hooks/commit-msg: Permission denied
rm: /private/var/folders/qw/fh5wf_hn25x4f712lv79r_480000gn/T/fm-control-relaunch.bwfUuk/smpin-29637/home/state/sm3.git-hooks/pre-push: Permission denied
rm: /private/var/folders/qw/fh5wf_hn25x4f712lv79r_480000gn/T/fm-control-relaunch.bwfUuk/smpin-29637/home/state/sm3.git-hooks/post-merge: Permission denied
rm: /private/var/folders/qw/fh5wf_hn25x4f712lv79r_480000gn/T/fm-control-relaunch.bwfUuk/smpin-29637/home/state/sm3.git-hooks/pre-commit: Permission denied
rm: /private/var/folders/qw/fh5wf_hn25x4f712lv79r_480000gn/T/fm-control-relaunch.bwfUuk/smpin-29637/home/state/sm3.git-hooks: Directory not empty
rm: /private/var/folders/qw/fh5wf_hn25x4f712lv79r_480000gn/T/fm-control-relaunch.bwfUuk/smpin-29637/home/state: Directory not empty
rm: /private/var/folders/qw/fh5wf_hn25x4f712lv79r_480000gn/T/fm-control-relaunch.bwfUuk/smpin-29637/home: Directory not empty
rm: /private/var/folders/qw/fh5wf_hn25x4f712lv79r_480000gn/T/fm-control-relaunch.bwfUuk/smpin-29637: Directory not empty
rm: /private/var/folders/qw/fh5wf_hn25x4f712lv79r_480000gn/T/fm-control-relaunch.bwfUuk/keepprofile-19663/home/state/rl6.git-hooks/pre-rebase: Permission denied
rm: /private/var/folders/qw/fh5wf_hn25x4f712lv79r_480000gn/T/fm-control-relaunch.bwfUuk/keepprofile-19663/home/state/rl6.git-hooks/pre-applypatch: Permission denied
rm: /private/var/folders/qw/fh5wf_hn25x4f712lv79r_480000gn/T/fm-control-relaunch.bwfUuk/keepprofile-19663/home/state/rl6.git-hooks/pre-auto-gc: Permission denied
rm: /private/var/folders/qw/fh5wf_hn25x4f712lv79r_480000gn/T/fm-control-relaunch.bwfUuk/keepprofile-19663/home/state/rl6.git-hooks/pre-merge-commit: Permission denied
rm: /private/var/folders/qw/fh5wf_hn25x4f712lv79r_480000gn/T/fm-control-relaunch.bwfUuk/keepprofile-19663/home/state/rl6.git-hooks/post-commit: Permission denied
rm: /private/var/folders/qw/fh5wf_hn25x4f712lv79r_480000gn/T/fm-control-relaunch.bwfUuk/keepprofile-19663/home/state/rl6.git-hooks/sendemail-validate: Permission denied
rm: /private/var/folders/qw/fh5wf_hn25x4f712lv79r_480000gn/T/fm-control-relaunch.bwfUuk/keepprofile-19663/home/state/rl6.git-hooks/applypatch-msg: Permission denied
rm: /private/var/folders/qw/fh5wf_hn25x4f712lv79r_480000gn/T/fm-control-relaunch.bwfUuk/keepprofile-19663/home/state/rl6.git-hooks/prepare-commit-msg: Permission denied
rm: /private/var/folders/qw/fh5wf_hn25x4f712lv79r_480000gn/T/fm-control-relaunch.bwfUuk/keepprofile-19663/home/state/rl6.git-hooks/post-checkout: Permission denied
rm: /private/var/folders/qw/fh5wf_hn25x4f712lv79r_480000gn/T/fm-control-relaunch.bwfUuk/keepprofile-19663/home/state/rl6.git-hooks/post-applypatch: Permission denied
rm: /private/var/folders/qw/fh5wf_hn25x4f712lv79r_480000gn/T/fm-control-relaunch.bwfUuk/keepprofile-19663/home/state/rl6.git-hooks/post-rewrite: Permission denied
rm: /private/var/folders/qw/fh5wf_hn25x4f712lv79r_480000gn/T/fm-control-relaunch.bwfUuk/keepprofile-19663/home/state/rl6.git-hooks/commit-msg: Permission denied
rm: /private/var/folders/qw/fh5wf_hn25x4f712lv79r_480000gn/T/fm-control-relaunch.bwfUuk/keepprofile-19663/home/state/rl6.git-hooks/pre-push: Permission denied
rm: /private/var/folders/qw/fh5wf_hn25x4f712lv79r_480000gn/T/fm-control-relaunch.bwfUuk/keepprofile-19663/home/state/rl6.git-hooks/post-merge: Permission denied
rm: /private/var/folders/qw/fh5wf_hn25x4f712lv79r_480000gn/T/fm-control-relaunch.bwfUuk/keepprofile-19663/home/state/rl6.git-hooks/pre-commit: Permission denied
rm: /private/var/folders/qw/fh5wf_hn25x4f712lv79r_480000gn/T/fm-control-relaunch.bwfUuk/keepprofile-19663/home/state/rl6.git-hooks: Directory not empty
rm: /private/var/folders/qw/fh5wf_hn25x4f712lv79r_480000gn/T/fm-control-relaunch.bwfUuk/keepprofile-19663/home/state: Directory not empty
rm: /private/var/folders/qw/fh5wf_hn25x4f712lv79r_480000gn/T/fm-control-relaunch.bwfUuk/keepprofile-19663/home: Directory not empty
rm: /private/var/folders/qw/fh5wf_hn25x4f712lv79r_480000gn/T/fm-control-relaunch.bwfUuk/keepprofile-19663: Directory not empty
rm: /private/var/folders/qw/fh5wf_hn25x4f712lv79r_480000gn/T/fm-control-relaunch.bwfUuk: Directory not empty
